name,label
236117_0_1_25293_60025-UNITS,NULL
236117_0_1_25293_60027-UNITS,NULL
236117_0_1_25293_60039-UNITS,NULL
236117_0_1_28000_58454-UNITS,NULL
236117_0_1_49900_27268-UNITS,NULL
236117_0_2_25293_60037-UNITS,NULL
236117_0_2_28000_24610-UNITS,NULL
236117_7_1_42365_22800-UNITS,NULL
236117_7_1_42365_22820-UNITS,NULL
236117_7_1_42365_22840-UNITS,NULL
236117_7_1_42365_26400-UNITS,NULL
236117_7_1_42365_26410-UNITS,NULL
236117_7_1_42365_26420-UNITS,NULL
236117_7_1_42365_26440-UNITS,NULL
236117_88_6_99998_59442-UNITS,NULL
236117_88_6_99998_59443-UNITS,NULL
236117_88_6_99998_59444-UNITS,NULL
236117_88_6_99998_59461-UNITS,NULL
236117_88_6_99998_59486-UNITS,NULL
236117_88_6_99998_59492-UNITS,NULL
236117_88_6_99998_59494-UNITS,NULL
236117_88_6_99998_59504-UNITS,NULL
236117_88_6_99998_59509-UNITS,NULL
236117_88_6_99998_59518-UNITS,NULL
236117_88_6_99998_59519-UNITS,NULL
236117_88_6_99998_59520-UNITS,NULL
236117_88_6_99998_59525-UNITS,NULL
236117_88_6_99998_59546-UNITS,NULL
236117_88_6_99998_59547-UNITS,NULL
236117_88_6_99998_59548-UNITS,NULL
236117_88_6_99998_59549-UNITS,NULL
236117_88_6_99998_59597-UNITS,NULL
236117_88_6_99998_59601-UNITS,NULL
236117_88_6_99998_59649-UNITS,NULL
236117_88_6_99998_59651-UNITS,NULL
236117_88_6_99998_59689-UNITS,NULL
236117_0_1_25293_60025-PR,NULL
236117_0_1_25293_60027-PR,NULL
236117_0_1_25293_60039-PR,NULL
236117_0_1_28000_58454-PR,NULL
236117_0_1_49900_27268-PR,NULL
236117_0_2_25293_60037-PR,NULL
236117_0_2_28000_24610-PR,NULL
236117_7_1_42365_22800-PR,NULL
236117_7_1_42365_22820-PR,NULL
236117_7_1_42365_22840-PR,NULL
236117_7_1_42365_26400-PR,NULL
236117_7_1_42365_26410-PR,NULL
236117_7_1_42365_26420-PR,NULL
236117_7_1_42365_26440-PR,NULL
236117_88_6_99998_59442-PR,NULL
236117_88_6_99998_59443-PR,NULL
236117_88_6_99998_59444-PR,NULL
236117_88_6_99998_59461-PR,NULL
236117_88_6_99998_59486-PR,NULL
236117_88_6_99998_59492-PR,NULL
236117_88_6_99998_59494-PR,NULL
236117_88_6_99998_59504-PR,NULL
236117_88_6_99998_59509-PR,NULL
236117_88_6_99998_59518-PR,NULL
236117_88_6_99998_59519-PR,NULL
236117_88_6_99998_59520-PR,NULL
236117_88_6_99998_59525-PR,NULL
236117_88_6_99998_59546-PR,NULL
236117_88_6_99998_59547-PR,NULL
236117_88_6_99998_59548-PR,NULL
236117_88_6_99998_59549-PR,NULL
236117_88_6_99998_59597-PR,NULL
236117_88_6_99998_59601-PR,NULL
236117_88_6_99998_59649-PR,NULL
236117_88_6_99998_59651-PR,NULL
236117_88_6_99998_59689-PR,NULL
236117_0_1_25293_60025-price,NULL
236117_0_1_25293_60027-price,NULL
236117_0_1_25293_60039-price,NULL
236117_0_1_28000_58454-price,NULL
236117_0_1_49900_27268-price,NULL
236117_0_2_25293_60037-price,NULL
236117_0_2_28000_24610-price,NULL
236117_7_1_42365_22800-price,NULL
236117_7_1_42365_22820-price,NULL
236117_7_1_42365_22840-price,NULL
236117_7_1_42365_26400-price,NULL
236117_7_1_42365_26410-price,NULL
236117_7_1_42365_26420-price,NULL
236117_7_1_42365_26440-price,NULL
236117_88_6_99998_59442-price,NULL
236117_88_6_99998_59443-price,NULL
236117_88_6_99998_59444-price,NULL
236117_88_6_99998_59461-price,NULL
236117_88_6_99998_59486-price,NULL
236117_88_6_99998_59492-price,NULL
236117_88_6_99998_59494-price,NULL
236117_88_6_99998_59504-price,NULL
236117_88_6_99998_59509-price,NULL
236117_88_6_99998_59518-price,NULL
236117_88_6_99998_59519-price,NULL
236117_88_6_99998_59520-price,NULL
236117_88_6_99998_59525-price,NULL
236117_88_6_99998_59546-price,NULL
236117_88_6_99998_59547-price,NULL
236117_88_6_99998_59548-price,NULL
236117_88_6_99998_59549-price,NULL
236117_88_6_99998_59597-price,NULL
236117_88_6_99998_59601-price,NULL
236117_88_6_99998_59649-price,NULL
236117_88_6_99998_59651-price,NULL
236117_88_6_99998_59689-price,NULL
236117_0_1_25293_60025-D1,NULL
236117_0_1_25293_60027-D1,NULL
236117_0_1_25293_60039-D1,NULL
236117_0_1_28000_58454-D1,NULL
236117_0_1_49900_27268-D1,NULL
236117_0_2_25293_60037-D1,NULL
236117_0_2_28000_24610-D1,NULL
236117_7_1_42365_22800-D1,NULL
236117_7_1_42365_22820-D1,NULL
236117_7_1_42365_22840-D1,NULL
236117_7_1_42365_26400-D1,NULL
236117_7_1_42365_26410-D1,NULL
236117_7_1_42365_26420-D1,NULL
236117_7_1_42365_26440-D1,NULL
236117_88_6_99998_59442-D1,NULL
236117_88_6_99998_59443-D1,NULL
236117_88_6_99998_59444-D1,NULL
236117_88_6_99998_59461-D1,NULL
236117_88_6_99998_59486-D1,NULL
236117_88_6_99998_59492-D1,NULL
236117_88_6_99998_59494-D1,NULL
236117_88_6_99998_59504-D1,NULL
236117_88_6_99998_59509-D1,NULL
236117_88_6_99998_59518-D1,NULL
236117_88_6_99998_59519-D1,NULL
236117_88_6_99998_59520-D1,NULL
236117_88_6_99998_59525-D1,NULL
236117_88_6_99998_59546-D1,NULL
236117_88_6_99998_59547-D1,NULL
236117_88_6_99998_59548-D1,NULL
236117_88_6_99998_59549-D1,NULL
236117_88_6_99998_59597-D1,NULL
236117_88_6_99998_59601-D1,NULL
236117_88_6_99998_59649-D1,NULL
236117_88_6_99998_59651-D1,NULL
236117_88_6_99998_59689-D1,NULL
236117_0_1_25293_60025-D2,NULL
236117_0_1_25293_60027-D2,NULL
236117_0_1_25293_60039-D2,NULL
236117_0_1_28000_58454-D2,NULL
236117_0_1_49900_27268-D2,NULL
236117_0_2_25293_60037-D2,NULL
236117_0_2_28000_24610-D2,NULL
236117_7_1_42365_22800-D2,NULL
236117_7_1_42365_22820-D2,NULL
236117_7_1_42365_22840-D2,NULL
236117_7_1_42365_26400-D2,NULL
236117_7_1_42365_26410-D2,NULL
236117_7_1_42365_26420-D2,NULL
236117_7_1_42365_26440-D2,NULL
236117_88_6_99998_59442-D2,NULL
236117_88_6_99998_59443-D2,NULL
236117_88_6_99998_59444-D2,NULL
236117_88_6_99998_59461-D2,NULL
236117_88_6_99998_59486-D2,NULL
236117_88_6_99998_59492-D2,NULL
236117_88_6_99998_59494-D2,NULL
236117_88_6_99998_59504-D2,NULL
236117_88_6_99998_59509-D2,NULL
236117_88_6_99998_59518-D2,NULL
236117_88_6_99998_59519-D2,NULL
236117_88_6_99998_59520-D2,NULL
236117_88_6_99998_59525-D2,NULL
236117_88_6_99998_59546-D2,NULL
236117_88_6_99998_59547-D2,NULL
236117_88_6_99998_59548-D2,NULL
236117_88_6_99998_59549-D2,NULL
236117_88_6_99998_59597-D2,NULL
236117_88_6_99998_59601-D2,NULL
236117_88_6_99998_59649-D2,NULL
236117_88_6_99998_59651-D2,NULL
236117_88_6_99998_59689-D2,NULL
236117_0_1_25293_60025-F1,NULL
236117_0_1_25293_60027-F1,NULL
236117_0_1_25293_60039-F1,NULL
236117_0_1_28000_58454-F1,NULL
236117_0_1_49900_27268-F1,NULL
236117_0_2_25293_60037-F1,NULL
236117_0_2_28000_24610-F1,NULL
236117_7_1_42365_22800-F1,NULL
236117_7_1_42365_22820-F1,NULL
236117_7_1_42365_22840-F1,NULL
236117_7_1_42365_26400-F1,NULL
236117_7_1_42365_26410-F1,NULL
236117_7_1_42365_26420-F1,NULL
236117_7_1_42365_26440-F1,NULL
236117_88_6_99998_59442-F1,NULL
236117_88_6_99998_59443-F1,NULL
236117_88_6_99998_59444-F1,NULL
236117_88_6_99998_59461-F1,NULL
236117_88_6_99998_59486-F1,NULL
236117_88_6_99998_59492-F1,NULL
236117_88_6_99998_59494-F1,NULL
236117_88_6_99998_59504-F1,NULL
236117_88_6_99998_59509-F1,NULL
236117_88_6_99998_59518-F1,NULL
236117_88_6_99998_59519-F1,NULL
236117_88_6_99998_59520-F1,NULL
236117_88_6_99998_59525-F1,NULL
236117_88_6_99998_59546-F1,NULL
236117_88_6_99998_59547-F1,NULL
236117_88_6_99998_59548-F1,NULL
236117_88_6_99998_59549-F1,NULL
236117_88_6_99998_59597-F1,NULL
236117_88_6_99998_59601-F1,NULL
236117_88_6_99998_59649-F1,NULL
236117_88_6_99998_59651-F1,NULL
236117_88_6_99998_59689-F1,NULL
236117_0_1_25293_60025-F2,NULL
236117_0_1_25293_60027-F2,NULL
236117_0_1_25293_60039-F2,NULL
236117_0_1_28000_58454-F2,NULL
236117_0_1_49900_27268-F2,NULL
236117_0_2_25293_60037-F2,NULL
236117_0_2_28000_24610-F2,NULL
236117_7_1_42365_22800-F2,NULL
236117_7_1_42365_22820-F2,NULL
236117_7_1_42365_22840-F2,NULL
236117_7_1_42365_26400-F2,NULL
236117_7_1_42365_26410-F2,NULL
236117_7_1_42365_26420-F2,NULL
236117_7_1_42365_26440-F2,NULL
236117_88_6_99998_59442-F2,NULL
236117_88_6_99998_59443-F2,NULL
236117_88_6_99998_59444-F2,NULL
236117_88_6_99998_59461-F2,NULL
236117_88_6_99998_59486-F2,NULL
236117_88_6_99998_59492-F2,NULL
236117_88_6_99998_59494-F2,NULL
236117_88_6_99998_59504-F2,NULL
236117_88_6_99998_59509-F2,NULL
236117_88_6_99998_59518-F2,NULL
236117_88_6_99998_59519-F2,NULL
236117_88_6_99998_59520-F2,NULL
236117_88_6_99998_59525-F2,NULL
236117_88_6_99998_59546-F2,NULL
236117_88_6_99998_59547-F2,NULL
236117_88_6_99998_59548-F2,NULL
236117_88_6_99998_59549-F2,NULL
236117_88_6_99998_59597-F2,NULL
236117_88_6_99998_59601-F2,NULL
236117_88_6_99998_59649-F2,NULL
236117_88_6_99998_59651-F2,NULL
236117_88_6_99998_59689-F2,NULL
236117_0_1_25293_60025-F3,NULL
236117_0_1_25293_60027-F3,NULL
236117_0_1_25293_60039-F3,NULL
236117_0_1_28000_58454-F3,NULL
236117_0_1_49900_27268-F3,NULL
236117_0_2_25293_60037-F3,NULL
236117_0_2_28000_24610-F3,NULL
236117_7_1_42365_22800-F3,NULL
236117_7_1_42365_22820-F3,NULL
236117_7_1_42365_22840-F3,NULL
236117_7_1_42365_26400-F3,NULL
236117_7_1_42365_26410-F3,NULL
236117_7_1_42365_26420-F3,NULL
236117_7_1_42365_26440-F3,NULL
236117_88_6_99998_59442-F3,NULL
236117_88_6_99998_59443-F3,NULL
236117_88_6_99998_59444-F3,NULL
236117_88_6_99998_59461-F3,NULL
236117_88_6_99998_59486-F3,NULL
236117_88_6_99998_59492-F3,NULL
236117_88_6_99998_59494-F3,NULL
236117_88_6_99998_59504-F3,NULL
236117_88_6_99998_59509-F3,NULL
236117_88_6_99998_59518-F3,NULL
236117_88_6_99998_59519-F3,NULL
236117_88_6_99998_59520-F3,NULL
236117_88_6_99998_59525-F3,NULL
236117_88_6_99998_59546-F3,NULL
236117_88_6_99998_59547-F3,NULL
236117_88_6_99998_59548-F3,NULL
236117_88_6_99998_59549-F3,NULL
236117_88_6_99998_59597-F3,NULL
236117_88_6_99998_59601-F3,NULL
236117_88_6_99998_59649-F3,NULL
236117_88_6_99998_59651-F3,NULL
236117_88_6_99998_59689-F3,NULL
236117_0_1_25293_60025-F4,NULL
236117_0_1_25293_60027-F4,NULL
236117_0_1_25293_60039-F4,NULL
236117_0_1_28000_58454-F4,NULL
236117_0_1_49900_27268-F4,NULL
236117_0_2_25293_60037-F4,NULL
236117_0_2_28000_24610-F4,NULL
236117_7_1_42365_22800-F4,NULL
236117_7_1_42365_22820-F4,NULL
236117_7_1_42365_22840-F4,NULL
236117_7_1_42365_26400-F4,NULL
236117_7_1_42365_26410-F4,NULL
236117_7_1_42365_26420-F4,NULL
236117_7_1_42365_26440-F4,NULL
236117_88_6_99998_59442-F4,NULL
236117_88_6_99998_59443-F4,NULL
236117_88_6_99998_59444-F4,NULL
236117_88_6_99998_59461-F4,NULL
236117_88_6_99998_59486-F4,NULL
236117_88_6_99998_59492-F4,NULL
236117_88_6_99998_59494-F4,NULL
236117_88_6_99998_59504-F4,NULL
236117_88_6_99998_59509-F4,NULL
236117_88_6_99998_59518-F4,NULL
236117_88_6_99998_59519-F4,NULL
236117_88_6_99998_59520-F4,NULL
236117_88_6_99998_59525-F4,NULL
236117_88_6_99998_59546-F4,NULL
236117_88_6_99998_59547-F4,NULL
236117_88_6_99998_59548-F4,NULL
236117_88_6_99998_59549-F4,NULL
236117_88_6_99998_59597-F4,NULL
236117_88_6_99998_59601-F4,NULL
236117_88_6_99998_59649-F4,NULL
236117_88_6_99998_59651-F4,NULL
236117_88_6_99998_59689-F4,NULL
V1,NULL
