name,label,new_name
657979_0_1_25293_60025-UNITS,NULL,Sales_001
657979_0_1_25293_60027-UNITS,NULL,Sales_002
657979_0_1_25293_60029-UNITS,NULL,Sales_003
657979_0_1_25293_60031-UNITS,NULL,Sales_004
657979_0_1_25293_60039-UNITS,NULL,Sales_005
657979_0_1_28000_58454-UNITS,NULL,Sales_006
657979_0_1_28000_98216-UNITS,NULL,Sales_007
657979_0_1_41383_9010-UNITS,NULL,Sales_008
657979_0_1_41383_9021-UNITS,NULL,Sales_009
657979_0_1_41383_9022-UNITS,NULL,Sales_010
657979_0_1_41383_9036-UNITS,NULL,Sales_011
657979_0_1_41383_9043-UNITS,NULL,Sales_012
657979_0_1_44100_10189-UNITS,NULL,Sales_013
657979_0_1_44100_10252-UNITS,NULL,Sales_014
657979_0_1_44100_10293-UNITS,NULL,Sales_015
657979_0_1_44100_10320-UNITS,NULL,Sales_016
657979_0_1_44100_10680-UNITS,NULL,Sales_017
657979_0_1_44100_11059-UNITS,NULL,Sales_018
657979_0_1_44100_14695-UNITS,NULL,Sales_019
657979_0_1_44100_16924-UNITS,NULL,Sales_020
657979_0_1_44100_16925-UNITS,NULL,Sales_021
657979_0_1_44100_16927-UNITS,NULL,Sales_022
657979_0_1_44100_16928-UNITS,NULL,Sales_023
657979_0_1_44100_26269-UNITS,NULL,Sales_024
657979_0_1_44100_26803-UNITS,NULL,Sales_025
657979_0_1_75457_11500-UNITS,NULL,Sales_026
657979_0_1_75457_12500-UNITS,NULL,Sales_027
657979_0_1_75457_12600-UNITS,NULL,Sales_028
657979_0_1_75457_12900-UNITS,NULL,Sales_029
657979_0_1_75457_15100-UNITS,NULL,Sales_030
657979_0_1_75457_17000-UNITS,NULL,Sales_031
657979_0_1_75457_17700-UNITS,NULL,Sales_032
657979_0_1_75457_18900-UNITS,NULL,Sales_033
657979_0_1_75457_21100-UNITS,NULL,Sales_034
657979_0_1_75457_21400-UNITS,NULL,Sales_035
657979_0_1_75457_21900-UNITS,NULL,Sales_036
657979_0_1_75457_2600-UNITS,NULL,Sales_037
657979_0_1_75457_3700-UNITS,NULL,Sales_038
657979_0_1_75457_8000-UNITS,NULL,Sales_039
657979_0_2_25293_60037-UNITS,NULL,Sales_040
657979_0_2_28000_24610-UNITS,NULL,Sales_041
657979_0_2_44100_10652-UNITS,NULL,Sales_042
657979_0_2_44100_10982-UNITS,NULL,Sales_043
657979_0_2_44100_15104-UNITS,NULL,Sales_044
657979_0_2_75457_13800-UNITS,NULL,Sales_045
657979_0_2_75457_32600-UNITS,NULL,Sales_046
657979_0_3_41383_9600-UNITS,NULL,Sales_047
657979_7_1_93361_30101-UNITS,NULL,Sales_048
657979_7_1_93361_30122-UNITS,NULL,Sales_049
657979_7_1_93361_30201-UNITS,NULL,Sales_050
657979_7_1_93361_30322-UNITS,NULL,Sales_051
657979_88_6_99998_59443-UNITS,NULL,Sales_052
657979_88_6_99998_59444-UNITS,NULL,Sales_053
657979_88_6_99998_59461-UNITS,NULL,Sales_054
657979_88_6_99998_59494-UNITS,NULL,Sales_055
657979_88_6_99998_59520-UNITS,NULL,Sales_056
657979_88_6_99998_59547-UNITS,NULL,Sales_057
657979_88_6_99998_59548-UNITS,NULL,Sales_058
657979_88_6_99998_59549-UNITS,NULL,Sales_059
657979_0_1_25293_60025-PR,NULL,Discount_001
657979_0_1_25293_60027-PR,NULL,Discount_002
657979_0_1_25293_60029-PR,NULL,Discount_003
657979_0_1_25293_60031-PR,NULL,Discount_004
657979_0_1_25293_60039-PR,NULL,Discount_005
657979_0_1_28000_58454-PR,NULL,Discount_006
657979_0_1_28000_98216-PR,NULL,Discount_007
657979_0_1_41383_9010-PR,NULL,Discount_008
657979_0_1_41383_9021-PR,NULL,Discount_009
657979_0_1_41383_9022-PR,NULL,Discount_010
657979_0_1_41383_9036-PR,NULL,Discount_011
657979_0_1_41383_9043-PR,NULL,Discount_012
657979_0_1_44100_10189-PR,NULL,Discount_013
657979_0_1_44100_10252-PR,NULL,Discount_014
657979_0_1_44100_10293-PR,NULL,Discount_015
657979_0_1_44100_10320-PR,NULL,Discount_016
657979_0_1_44100_10680-PR,NULL,Discount_017
657979_0_1_44100_11059-PR,NULL,Discount_018
657979_0_1_44100_14695-PR,NULL,Discount_019
657979_0_1_44100_16924-PR,NULL,Discount_020
657979_0_1_44100_16925-PR,NULL,Discount_021
657979_0_1_44100_16927-PR,NULL,Discount_022
657979_0_1_44100_16928-PR,NULL,Discount_023
657979_0_1_44100_26269-PR,NULL,Discount_024
657979_0_1_44100_26803-PR,NULL,Discount_025
657979_0_1_75457_11500-PR,NULL,Discount_026
657979_0_1_75457_12500-PR,NULL,Discount_027
657979_0_1_75457_12600-PR,NULL,Discount_028
657979_0_1_75457_12900-PR,NULL,Discount_029
657979_0_1_75457_15100-PR,NULL,Discount_030
657979_0_1_75457_17000-PR,NULL,Discount_031
657979_0_1_75457_17700-PR,NULL,Discount_032
657979_0_1_75457_18900-PR,NULL,Discount_033
657979_0_1_75457_21100-PR,NULL,Discount_034
657979_0_1_75457_21400-PR,NULL,Discount_035
657979_0_1_75457_21900-PR,NULL,Discount_036
657979_0_1_75457_2600-PR,NULL,Discount_037
657979_0_1_75457_3700-PR,NULL,Discount_038
657979_0_1_75457_8000-PR,NULL,Discount_039
657979_0_2_25293_60037-PR,NULL,Discount_040
657979_0_2_28000_24610-PR,NULL,Discount_041
657979_0_2_44100_10652-PR,NULL,Discount_042
657979_0_2_44100_10982-PR,NULL,Discount_043
657979_0_2_44100_15104-PR,NULL,Discount_044
657979_0_2_75457_13800-PR,NULL,Discount_045
657979_0_2_75457_32600-PR,NULL,Discount_046
657979_0_3_41383_9600-PR,NULL,Discount_047
657979_7_1_93361_30101-PR,NULL,Discount_048
657979_7_1_93361_30122-PR,NULL,Discount_049
657979_7_1_93361_30201-PR,NULL,Discount_050
657979_7_1_93361_30322-PR,NULL,Discount_051
657979_88_6_99998_59443-PR,NULL,Discount_052
657979_88_6_99998_59444-PR,NULL,Discount_053
657979_88_6_99998_59461-PR,NULL,Discount_054
657979_88_6_99998_59494-PR,NULL,Discount_055
657979_88_6_99998_59520-PR,NULL,Discount_056
657979_88_6_99998_59547-PR,NULL,Discount_057
657979_88_6_99998_59548-PR,NULL,Discount_058
657979_88_6_99998_59549-PR,NULL,Discount_059
657979_0_1_25293_60025-price,NULL,Price_001
657979_0_1_25293_60027-price,NULL,Price_002
657979_0_1_25293_60029-price,NULL,Price_003
657979_0_1_25293_60031-price,NULL,Price_004
657979_0_1_25293_60039-price,NULL,Price_005
657979_0_1_28000_58454-price,NULL,Price_006
657979_0_1_28000_98216-price,NULL,Price_007
657979_0_1_41383_9010-price,NULL,Price_008
657979_0_1_41383_9021-price,NULL,Price_009
657979_0_1_41383_9022-price,NULL,Price_010
657979_0_1_41383_9036-price,NULL,Price_011
657979_0_1_41383_9043-price,NULL,Price_012
657979_0_1_44100_10189-price,NULL,Price_013
657979_0_1_44100_10252-price,NULL,Price_014
657979_0_1_44100_10293-price,NULL,Price_015
657979_0_1_44100_10320-price,NULL,Price_016
657979_0_1_44100_10680-price,NULL,Price_017
657979_0_1_44100_11059-price,NULL,Price_018
657979_0_1_44100_14695-price,NULL,Price_019
657979_0_1_44100_16924-price,NULL,Price_020
657979_0_1_44100_16925-price,NULL,Price_021
657979_0_1_44100_16927-price,NULL,Price_022
657979_0_1_44100_16928-price,NULL,Price_023
657979_0_1_44100_26269-price,NULL,Price_024
657979_0_1_44100_26803-price,NULL,Price_025
657979_0_1_75457_11500-price,NULL,Price_026
657979_0_1_75457_12500-price,NULL,Price_027
657979_0_1_75457_12600-price,NULL,Price_028
657979_0_1_75457_12900-price,NULL,Price_029
657979_0_1_75457_15100-price,NULL,Price_030
657979_0_1_75457_17000-price,NULL,Price_031
657979_0_1_75457_17700-price,NULL,Price_032
657979_0_1_75457_18900-price,NULL,Price_033
657979_0_1_75457_21100-price,NULL,Price_034
657979_0_1_75457_21400-price,NULL,Price_035
657979_0_1_75457_21900-price,NULL,Price_036
657979_0_1_75457_2600-price,NULL,Price_037
657979_0_1_75457_3700-price,NULL,Price_038
657979_0_1_75457_8000-price,NULL,Price_039
657979_0_2_25293_60037-price,NULL,Price_040
657979_0_2_28000_24610-price,NULL,Price_041
657979_0_2_44100_10652-price,NULL,Price_042
657979_0_2_44100_10982-price,NULL,Price_043
657979_0_2_44100_15104-price,NULL,Price_044
657979_0_2_75457_13800-price,NULL,Price_045
657979_0_2_75457_32600-price,NULL,Price_046
657979_0_3_41383_9600-price,NULL,Price_047
657979_7_1_93361_30101-price,NULL,Price_048
657979_7_1_93361_30122-price,NULL,Price_049
657979_7_1_93361_30201-price,NULL,Price_050
657979_7_1_93361_30322-price,NULL,Price_051
657979_88_6_99998_59443-price,NULL,Price_052
657979_88_6_99998_59444-price,NULL,Price_053
657979_88_6_99998_59461-price,NULL,Price_054
657979_88_6_99998_59494-price,NULL,Price_055
657979_88_6_99998_59520-price,NULL,Price_056
657979_88_6_99998_59547-price,NULL,Price_057
657979_88_6_99998_59548-price,NULL,Price_058
657979_88_6_99998_59549-price,NULL,Price_059
657979_0_1_25293_60025-D1,NULL,Display1_001
657979_0_1_25293_60027-D1,NULL,Display1_002
657979_0_1_25293_60029-D1,NULL,Display1_003
657979_0_1_25293_60031-D1,NULL,Display1_004
657979_0_1_25293_60039-D1,NULL,Display1_005
657979_0_1_28000_58454-D1,NULL,Display1_006
657979_0_1_28000_98216-D1,NULL,Display1_007
657979_0_1_41383_9010-D1,NULL,Display1_008
657979_0_1_41383_9021-D1,NULL,Display1_009
657979_0_1_41383_9022-D1,NULL,Display1_010
657979_0_1_41383_9036-D1,NULL,Display1_011
657979_0_1_41383_9043-D1,NULL,Display1_012
657979_0_1_44100_10189-D1,NULL,Display1_013
657979_0_1_44100_10252-D1,NULL,Display1_014
657979_0_1_44100_10293-D1,NULL,Display1_015
657979_0_1_44100_10320-D1,NULL,Display1_016
657979_0_1_44100_10680-D1,NULL,Display1_017
657979_0_1_44100_11059-D1,NULL,Display1_018
657979_0_1_44100_14695-D1,NULL,Display1_019
657979_0_1_44100_16924-D1,NULL,Display1_020
657979_0_1_44100_16925-D1,NULL,Display1_021
657979_0_1_44100_16927-D1,NULL,Display1_022
657979_0_1_44100_16928-D1,NULL,Display1_023
657979_0_1_44100_26269-D1,NULL,Display1_024
657979_0_1_44100_26803-D1,NULL,Display1_025
657979_0_1_75457_11500-D1,NULL,Display1_026
657979_0_1_75457_12500-D1,NULL,Display1_027
657979_0_1_75457_12600-D1,NULL,Display1_028
657979_0_1_75457_12900-D1,NULL,Display1_029
657979_0_1_75457_15100-D1,NULL,Display1_030
657979_0_1_75457_17000-D1,NULL,Display1_031
657979_0_1_75457_17700-D1,NULL,Display1_032
657979_0_1_75457_18900-D1,NULL,Display1_033
657979_0_1_75457_21100-D1,NULL,Display1_034
657979_0_1_75457_21400-D1,NULL,Display1_035
657979_0_1_75457_21900-D1,NULL,Display1_036
657979_0_1_75457_2600-D1,NULL,Display1_037
657979_0_1_75457_3700-D1,NULL,Display1_038
657979_0_1_75457_8000-D1,NULL,Display1_039
657979_0_2_25293_60037-D1,NULL,Display1_040
657979_0_2_28000_24610-D1,NULL,Display1_041
657979_0_2_44100_10652-D1,NULL,Display1_042
657979_0_2_44100_10982-D1,NULL,Display1_043
657979_0_2_44100_15104-D1,NULL,Display1_044
657979_0_2_75457_13800-D1,NULL,Display1_045
657979_0_2_75457_32600-D1,NULL,Display1_046
657979_0_3_41383_9600-D1,NULL,Display1_047
657979_7_1_93361_30101-D1,NULL,Display1_048
657979_7_1_93361_30122-D1,NULL,Display1_049
657979_7_1_93361_30201-D1,NULL,Display1_050
657979_7_1_93361_30322-D1,NULL,Display1_051
657979_88_6_99998_59443-D1,NULL,Display1_052
657979_88_6_99998_59444-D1,NULL,Display1_053
657979_88_6_99998_59461-D1,NULL,Display1_054
657979_88_6_99998_59494-D1,NULL,Display1_055
657979_88_6_99998_59520-D1,NULL,Display1_056
657979_88_6_99998_59547-D1,NULL,Display1_057
657979_88_6_99998_59548-D1,NULL,Display1_058
657979_88_6_99998_59549-D1,NULL,Display1_059
657979_0_1_25293_60025-D2,NULL,Display2_001
657979_0_1_25293_60027-D2,NULL,Display2_002
657979_0_1_25293_60029-D2,NULL,Display2_003
657979_0_1_25293_60031-D2,NULL,Display2_004
657979_0_1_25293_60039-D2,NULL,Display2_005
657979_0_1_28000_58454-D2,NULL,Display2_006
657979_0_1_28000_98216-D2,NULL,Display2_007
657979_0_1_41383_9010-D2,NULL,Display2_008
657979_0_1_41383_9021-D2,NULL,Display2_009
657979_0_1_41383_9022-D2,NULL,Display2_010
657979_0_1_41383_9036-D2,NULL,Display2_011
657979_0_1_41383_9043-D2,NULL,Display2_012
657979_0_1_44100_10189-D2,NULL,Display2_013
657979_0_1_44100_10252-D2,NULL,Display2_014
657979_0_1_44100_10293-D2,NULL,Display2_015
657979_0_1_44100_10320-D2,NULL,Display2_016
657979_0_1_44100_10680-D2,NULL,Display2_017
657979_0_1_44100_11059-D2,NULL,Display2_018
657979_0_1_44100_14695-D2,NULL,Display2_019
657979_0_1_44100_16924-D2,NULL,Display2_020
657979_0_1_44100_16925-D2,NULL,Display2_021
657979_0_1_44100_16927-D2,NULL,Display2_022
657979_0_1_44100_16928-D2,NULL,Display2_023
657979_0_1_44100_26269-D2,NULL,Display2_024
657979_0_1_44100_26803-D2,NULL,Display2_025
657979_0_1_75457_11500-D2,NULL,Display2_026
657979_0_1_75457_12500-D2,NULL,Display2_027
657979_0_1_75457_12600-D2,NULL,Display2_028
657979_0_1_75457_12900-D2,NULL,Display2_029
657979_0_1_75457_15100-D2,NULL,Display2_030
657979_0_1_75457_17000-D2,NULL,Display2_031
657979_0_1_75457_17700-D2,NULL,Display2_032
657979_0_1_75457_18900-D2,NULL,Display2_033
657979_0_1_75457_21100-D2,NULL,Display2_034
657979_0_1_75457_21400-D2,NULL,Display2_035
657979_0_1_75457_21900-D2,NULL,Display2_036
657979_0_1_75457_2600-D2,NULL,Display2_037
657979_0_1_75457_3700-D2,NULL,Display2_038
657979_0_1_75457_8000-D2,NULL,Display2_039
657979_0_2_25293_60037-D2,NULL,Display2_040
657979_0_2_28000_24610-D2,NULL,Display2_041
657979_0_2_44100_10652-D2,NULL,Display2_042
657979_0_2_44100_10982-D2,NULL,Display2_043
657979_0_2_44100_15104-D2,NULL,Display2_044
657979_0_2_75457_13800-D2,NULL,Display2_045
657979_0_2_75457_32600-D2,NULL,Display2_046
657979_0_3_41383_9600-D2,NULL,Display2_047
657979_7_1_93361_30101-D2,NULL,Display2_048
657979_7_1_93361_30122-D2,NULL,Display2_049
657979_7_1_93361_30201-D2,NULL,Display2_050
657979_7_1_93361_30322-D2,NULL,Display2_051
657979_88_6_99998_59443-D2,NULL,Display2_052
657979_88_6_99998_59444-D2,NULL,Display2_053
657979_88_6_99998_59461-D2,NULL,Display2_054
657979_88_6_99998_59494-D2,NULL,Display2_055
657979_88_6_99998_59520-D2,NULL,Display2_056
657979_88_6_99998_59547-D2,NULL,Display2_057
657979_88_6_99998_59548-D2,NULL,Display2_058
657979_88_6_99998_59549-D2,NULL,Display2_059
657979_0_1_25293_60025-F1,NULL,Feature1_001
657979_0_1_25293_60027-F1,NULL,Feature1_002
657979_0_1_25293_60029-F1,NULL,Feature1_003
657979_0_1_25293_60031-F1,NULL,Feature1_004
657979_0_1_25293_60039-F1,NULL,Feature1_005
657979_0_1_28000_58454-F1,NULL,Feature1_006
657979_0_1_28000_98216-F1,NULL,Feature1_007
657979_0_1_41383_9010-F1,NULL,Feature1_008
657979_0_1_41383_9021-F1,NULL,Feature1_009
657979_0_1_41383_9022-F1,NULL,Feature1_010
657979_0_1_41383_9036-F1,NULL,Feature1_011
657979_0_1_41383_9043-F1,NULL,Feature1_012
657979_0_1_44100_10189-F1,NULL,Feature1_013
657979_0_1_44100_10252-F1,NULL,Feature1_014
657979_0_1_44100_10293-F1,NULL,Feature1_015
657979_0_1_44100_10320-F1,NULL,Feature1_016
657979_0_1_44100_10680-F1,NULL,Feature1_017
657979_0_1_44100_11059-F1,NULL,Feature1_018
657979_0_1_44100_14695-F1,NULL,Feature1_019
657979_0_1_44100_16924-F1,NULL,Feature1_020
657979_0_1_44100_16925-F1,NULL,Feature1_021
657979_0_1_44100_16927-F1,NULL,Feature1_022
657979_0_1_44100_16928-F1,NULL,Feature1_023
657979_0_1_44100_26269-F1,NULL,Feature1_024
657979_0_1_44100_26803-F1,NULL,Feature1_025
657979_0_1_75457_11500-F1,NULL,Feature1_026
657979_0_1_75457_12500-F1,NULL,Feature1_027
657979_0_1_75457_12600-F1,NULL,Feature1_028
657979_0_1_75457_12900-F1,NULL,Feature1_029
657979_0_1_75457_15100-F1,NULL,Feature1_030
657979_0_1_75457_17000-F1,NULL,Feature1_031
657979_0_1_75457_17700-F1,NULL,Feature1_032
657979_0_1_75457_18900-F1,NULL,Feature1_033
657979_0_1_75457_21100-F1,NULL,Feature1_034
657979_0_1_75457_21400-F1,NULL,Feature1_035
657979_0_1_75457_21900-F1,NULL,Feature1_036
657979_0_1_75457_2600-F1,NULL,Feature1_037
657979_0_1_75457_3700-F1,NULL,Feature1_038
657979_0_1_75457_8000-F1,NULL,Feature1_039
657979_0_2_25293_60037-F1,NULL,Feature1_040
657979_0_2_28000_24610-F1,NULL,Feature1_041
657979_0_2_44100_10652-F1,NULL,Feature1_042
657979_0_2_44100_10982-F1,NULL,Feature1_043
657979_0_2_44100_15104-F1,NULL,Feature1_044
657979_0_2_75457_13800-F1,NULL,Feature1_045
657979_0_2_75457_32600-F1,NULL,Feature1_046
657979_0_3_41383_9600-F1,NULL,Feature1_047
657979_7_1_93361_30101-F1,NULL,Feature1_048
657979_7_1_93361_30122-F1,NULL,Feature1_049
657979_7_1_93361_30201-F1,NULL,Feature1_050
657979_7_1_93361_30322-F1,NULL,Feature1_051
657979_88_6_99998_59443-F1,NULL,Feature1_052
657979_88_6_99998_59444-F1,NULL,Feature1_053
657979_88_6_99998_59461-F1,NULL,Feature1_054
657979_88_6_99998_59494-F1,NULL,Feature1_055
657979_88_6_99998_59520-F1,NULL,Feature1_056
657979_88_6_99998_59547-F1,NULL,Feature1_057
657979_88_6_99998_59548-F1,NULL,Feature1_058
657979_88_6_99998_59549-F1,NULL,Feature1_059
657979_0_1_25293_60025-F2,NULL,Feature2_001
657979_0_1_25293_60027-F2,NULL,Feature2_002
657979_0_1_25293_60029-F2,NULL,Feature2_003
657979_0_1_25293_60031-F2,NULL,Feature2_004
657979_0_1_25293_60039-F2,NULL,Feature2_005
657979_0_1_28000_58454-F2,NULL,Feature2_006
657979_0_1_28000_98216-F2,NULL,Feature2_007
657979_0_1_41383_9010-F2,NULL,Feature2_008
657979_0_1_41383_9021-F2,NULL,Feature2_009
657979_0_1_41383_9022-F2,NULL,Feature2_010
657979_0_1_41383_9036-F2,NULL,Feature2_011
657979_0_1_41383_9043-F2,NULL,Feature2_012
657979_0_1_44100_10189-F2,NULL,Feature2_013
657979_0_1_44100_10252-F2,NULL,Feature2_014
657979_0_1_44100_10293-F2,NULL,Feature2_015
657979_0_1_44100_10320-F2,NULL,Feature2_016
657979_0_1_44100_10680-F2,NULL,Feature2_017
657979_0_1_44100_11059-F2,NULL,Feature2_018
657979_0_1_44100_14695-F2,NULL,Feature2_019
657979_0_1_44100_16924-F2,NULL,Feature2_020
657979_0_1_44100_16925-F2,NULL,Feature2_021
657979_0_1_44100_16927-F2,NULL,Feature2_022
657979_0_1_44100_16928-F2,NULL,Feature2_023
657979_0_1_44100_26269-F2,NULL,Feature2_024
657979_0_1_44100_26803-F2,NULL,Feature2_025
657979_0_1_75457_11500-F2,NULL,Feature2_026
657979_0_1_75457_12500-F2,NULL,Feature2_027
657979_0_1_75457_12600-F2,NULL,Feature2_028
657979_0_1_75457_12900-F2,NULL,Feature2_029
657979_0_1_75457_15100-F2,NULL,Feature2_030
657979_0_1_75457_17000-F2,NULL,Feature2_031
657979_0_1_75457_17700-F2,NULL,Feature2_032
657979_0_1_75457_18900-F2,NULL,Feature2_033
657979_0_1_75457_21100-F2,NULL,Feature2_034
657979_0_1_75457_21400-F2,NULL,Feature2_035
657979_0_1_75457_21900-F2,NULL,Feature2_036
657979_0_1_75457_2600-F2,NULL,Feature2_037
657979_0_1_75457_3700-F2,NULL,Feature2_038
657979_0_1_75457_8000-F2,NULL,Feature2_039
657979_0_2_25293_60037-F2,NULL,Feature2_040
657979_0_2_28000_24610-F2,NULL,Feature2_041
657979_0_2_44100_10652-F2,NULL,Feature2_042
657979_0_2_44100_10982-F2,NULL,Feature2_043
657979_0_2_44100_15104-F2,NULL,Feature2_044
657979_0_2_75457_13800-F2,NULL,Feature2_045
657979_0_2_75457_32600-F2,NULL,Feature2_046
657979_0_3_41383_9600-F2,NULL,Feature2_047
657979_7_1_93361_30101-F2,NULL,Feature2_048
657979_7_1_93361_30122-F2,NULL,Feature2_049
657979_7_1_93361_30201-F2,NULL,Feature2_050
657979_7_1_93361_30322-F2,NULL,Feature2_051
657979_88_6_99998_59443-F2,NULL,Feature2_052
657979_88_6_99998_59444-F2,NULL,Feature2_053
657979_88_6_99998_59461-F2,NULL,Feature2_054
657979_88_6_99998_59494-F2,NULL,Feature2_055
657979_88_6_99998_59520-F2,NULL,Feature2_056
657979_88_6_99998_59547-F2,NULL,Feature2_057
657979_88_6_99998_59548-F2,NULL,Feature2_058
657979_88_6_99998_59549-F2,NULL,Feature2_059
657979_0_1_25293_60025-F3,NULL,Feature3_001
657979_0_1_25293_60027-F3,NULL,Feature3_002
657979_0_1_25293_60029-F3,NULL,Feature3_003
657979_0_1_25293_60031-F3,NULL,Feature3_004
657979_0_1_25293_60039-F3,NULL,Feature3_005
657979_0_1_28000_58454-F3,NULL,Feature3_006
657979_0_1_28000_98216-F3,NULL,Feature3_007
657979_0_1_41383_9010-F3,NULL,Feature3_008
657979_0_1_41383_9021-F3,NULL,Feature3_009
657979_0_1_41383_9022-F3,NULL,Feature3_010
657979_0_1_41383_9036-F3,NULL,Feature3_011
657979_0_1_41383_9043-F3,NULL,Feature3_012
657979_0_1_44100_10189-F3,NULL,Feature3_013
657979_0_1_44100_10252-F3,NULL,Feature3_014
657979_0_1_44100_10293-F3,NULL,Feature3_015
657979_0_1_44100_10320-F3,NULL,Feature3_016
657979_0_1_44100_10680-F3,NULL,Feature3_017
657979_0_1_44100_11059-F3,NULL,Feature3_018
657979_0_1_44100_14695-F3,NULL,Feature3_019
657979_0_1_44100_16924-F3,NULL,Feature3_020
657979_0_1_44100_16925-F3,NULL,Feature3_021
657979_0_1_44100_16927-F3,NULL,Feature3_022
657979_0_1_44100_16928-F3,NULL,Feature3_023
657979_0_1_44100_26269-F3,NULL,Feature3_024
657979_0_1_44100_26803-F3,NULL,Feature3_025
657979_0_1_75457_11500-F3,NULL,Feature3_026
657979_0_1_75457_12500-F3,NULL,Feature3_027
657979_0_1_75457_12600-F3,NULL,Feature3_028
657979_0_1_75457_12900-F3,NULL,Feature3_029
657979_0_1_75457_15100-F3,NULL,Feature3_030
657979_0_1_75457_17000-F3,NULL,Feature3_031
657979_0_1_75457_17700-F3,NULL,Feature3_032
657979_0_1_75457_18900-F3,NULL,Feature3_033
657979_0_1_75457_21100-F3,NULL,Feature3_034
657979_0_1_75457_21400-F3,NULL,Feature3_035
657979_0_1_75457_21900-F3,NULL,Feature3_036
657979_0_1_75457_2600-F3,NULL,Feature3_037
657979_0_1_75457_3700-F3,NULL,Feature3_038
657979_0_1_75457_8000-F3,NULL,Feature3_039
657979_0_2_25293_60037-F3,NULL,Feature3_040
657979_0_2_28000_24610-F3,NULL,Feature3_041
657979_0_2_44100_10652-F3,NULL,Feature3_042
657979_0_2_44100_10982-F3,NULL,Feature3_043
657979_0_2_44100_15104-F3,NULL,Feature3_044
657979_0_2_75457_13800-F3,NULL,Feature3_045
657979_0_2_75457_32600-F3,NULL,Feature3_046
657979_0_3_41383_9600-F3,NULL,Feature3_047
657979_7_1_93361_30101-F3,NULL,Feature3_048
657979_7_1_93361_30122-F3,NULL,Feature3_049
657979_7_1_93361_30201-F3,NULL,Feature3_050
657979_7_1_93361_30322-F3,NULL,Feature3_051
657979_88_6_99998_59443-F3,NULL,Feature3_052
657979_88_6_99998_59444-F3,NULL,Feature3_053
657979_88_6_99998_59461-F3,NULL,Feature3_054
657979_88_6_99998_59494-F3,NULL,Feature3_055
657979_88_6_99998_59520-F3,NULL,Feature3_056
657979_88_6_99998_59547-F3,NULL,Feature3_057
657979_88_6_99998_59548-F3,NULL,Feature3_058
657979_88_6_99998_59549-F3,NULL,Feature3_059
657979_0_1_25293_60025-F4,NULL,Feature4_001
657979_0_1_25293_60027-F4,NULL,Feature4_002
657979_0_1_25293_60029-F4,NULL,Feature4_003
657979_0_1_25293_60031-F4,NULL,Feature4_004
657979_0_1_25293_60039-F4,NULL,Feature4_005
657979_0_1_28000_58454-F4,NULL,Feature4_006
657979_0_1_28000_98216-F4,NULL,Feature4_007
657979_0_1_41383_9010-F4,NULL,Feature4_008
657979_0_1_41383_9021-F4,NULL,Feature4_009
657979_0_1_41383_9022-F4,NULL,Feature4_010
657979_0_1_41383_9036-F4,NULL,Feature4_011
657979_0_1_41383_9043-F4,NULL,Feature4_012
657979_0_1_44100_10189-F4,NULL,Feature4_013
657979_0_1_44100_10252-F4,NULL,Feature4_014
657979_0_1_44100_10293-F4,NULL,Feature4_015
657979_0_1_44100_10320-F4,NULL,Feature4_016
657979_0_1_44100_10680-F4,NULL,Feature4_017
657979_0_1_44100_11059-F4,NULL,Feature4_018
657979_0_1_44100_14695-F4,NULL,Feature4_019
657979_0_1_44100_16924-F4,NULL,Feature4_020
657979_0_1_44100_16925-F4,NULL,Feature4_021
657979_0_1_44100_16927-F4,NULL,Feature4_022
657979_0_1_44100_16928-F4,NULL,Feature4_023
657979_0_1_44100_26269-F4,NULL,Feature4_024
657979_0_1_44100_26803-F4,NULL,Feature4_025
657979_0_1_75457_11500-F4,NULL,Feature4_026
657979_0_1_75457_12500-F4,NULL,Feature4_027
657979_0_1_75457_12600-F4,NULL,Feature4_028
657979_0_1_75457_12900-F4,NULL,Feature4_029
657979_0_1_75457_15100-F4,NULL,Feature4_030
657979_0_1_75457_17000-F4,NULL,Feature4_031
657979_0_1_75457_17700-F4,NULL,Feature4_032
657979_0_1_75457_18900-F4,NULL,Feature4_033
657979_0_1_75457_21100-F4,NULL,Feature4_034
657979_0_1_75457_21400-F4,NULL,Feature4_035
657979_0_1_75457_21900-F4,NULL,Feature4_036
657979_0_1_75457_2600-F4,NULL,Feature4_037
657979_0_1_75457_3700-F4,NULL,Feature4_038
657979_0_1_75457_8000-F4,NULL,Feature4_039
657979_0_2_25293_60037-F4,NULL,Feature4_040
657979_0_2_28000_24610-F4,NULL,Feature4_041
657979_0_2_44100_10652-F4,NULL,Feature4_042
657979_0_2_44100_10982-F4,NULL,Feature4_043
657979_0_2_44100_15104-F4,NULL,Feature4_044
657979_0_2_75457_13800-F4,NULL,Feature4_045
657979_0_2_75457_32600-F4,NULL,Feature4_046
657979_0_3_41383_9600-F4,NULL,Feature4_047
657979_7_1_93361_30101-F4,NULL,Feature4_048
657979_7_1_93361_30122-F4,NULL,Feature4_049
657979_7_1_93361_30201-F4,NULL,Feature4_050
657979_7_1_93361_30322-F4,NULL,Feature4_051
657979_88_6_99998_59443-F4,NULL,Feature4_052
657979_88_6_99998_59444-F4,NULL,Feature4_053
657979_88_6_99998_59461-F4,NULL,Feature4_054
657979_88_6_99998_59494-F4,NULL,Feature4_055
657979_88_6_99998_59520-F4,NULL,Feature4_056
657979_88_6_99998_59547-F4,NULL,Feature4_057
657979_88_6_99998_59548-F4,NULL,Feature4_058
657979_88_6_99998_59549-F4,NULL,Feature4_059
V1,NULL,Time_ID
