"236117_0_1_21000_64005-UNITS","236117_0_1_21000_64507-UNITS","236117_0_1_21000_64509-UNITS","236117_0_1_21000_64510-UNITS","236117_0_1_21000_64592-UNITS","236117_0_1_48001_26584-UNITS","236117_0_1_48001_26865-UNITS","236117_0_1_71800_83850-UNITS","236117_0_2_21000_64504-UNITS","236117_88_4_99998_94680-UNITS","236117_0_1_21000_64005-PR","236117_0_1_21000_64507-PR","236117_0_1_21000_64509-PR","236117_0_1_21000_64510-PR","236117_0_1_21000_64592-PR","236117_0_1_48001_26584-PR","236117_0_1_48001_26865-PR","236117_0_1_71800_83850-PR","236117_0_2_21000_64504-PR","236117_88_4_99998_94680-PR","236117_0_1_21000_64005-price","236117_0_1_21000_64507-price","236117_0_1_21000_64509-price","236117_0_1_21000_64510-price","236117_0_1_21000_64592-price","236117_0_1_48001_26584-price","236117_0_1_48001_26865-price","236117_0_1_71800_83850-price","236117_0_2_21000_64504-price","236117_88_4_99998_94680-price","236117_0_1_21000_64005-D1","236117_0_1_21000_64507-D1","236117_0_1_21000_64509-D1","236117_0_1_21000_64510-D1","236117_0_1_21000_64592-D1","236117_0_1_48001_26584-D1","236117_0_1_48001_26865-D1","236117_0_1_71800_83850-D1","236117_0_2_21000_64504-D1","236117_88_4_99998_94680-D1","236117_0_1_21000_64005-D2","236117_0_1_21000_64507-D2","236117_0_1_21000_64509-D2","236117_0_1_21000_64510-D2","236117_0_1_21000_64592-D2","236117_0_1_48001_26584-D2","236117_0_1_48001_26865-D2","236117_0_1_71800_83850-D2","236117_0_2_21000_64504-D2","236117_88_4_99998_94680-D2","236117_0_1_21000_64005-F1","236117_0_1_21000_64507-F1","236117_0_1_21000_64509-F1","236117_0_1_21000_64510-F1","236117_0_1_21000_64592-F1","236117_0_1_48001_26584-F1","236117_0_1_48001_26865-F1","236117_0_1_71800_83850-F1","236117_0_2_21000_64504-F1","236117_88_4_99998_94680-F1","236117_0_1_21000_64005-F2","236117_0_1_21000_64507-F2","236117_0_1_21000_64509-F2","236117_0_1_21000_64510-F2","236117_0_1_21000_64592-F2","236117_0_1_48001_26584-F2","236117_0_1_48001_26865-F2","236117_0_1_71800_83850-F2","236117_0_2_21000_64504-F2","236117_88_4_99998_94680-F2","236117_0_1_21000_64005-F3","236117_0_1_21000_64507-F3","236117_0_1_21000_64509-F3","236117_0_1_21000_64510-F3","236117_0_1_21000_64592-F3","236117_0_1_48001_26584-F3","236117_0_1_48001_26865-F3","236117_0_1_71800_83850-F3","236117_0_2_21000_64504-F3","236117_88_4_99998_94680-F3","236117_0_1_21000_64005-F4","236117_0_1_21000_64507-F4","236117_0_1_21000_64509-F4","236117_0_1_21000_64510-F4","236117_0_1_21000_64592-F4","236117_0_1_48001_26584-F4","236117_0_1_48001_26865-F4","236117_0_1_71800_83850-F4","236117_0_2_21000_64504-F4","236117_88_4_99998_94680-F4"
6,5.0932944606414,2.37209302325581,2.63870967741935,3,1,3,7,4,39,0,0,0,0,0,0,0,0,0,0,2.49,3.30407825443102,3.31025276854928,3.29342012288787,3.79,5.99,3.29,2.59,2.49,3.32076923076923,0,0,0,0,0,0,0,0,0,1,0,0,0,0,0,0,0,0,0,0,0,0,0,0,0,0,0,0,0,0,0,0,0,0,0,0,0,0,0,1,0,0,0,0,0,0,0,0,0,0,0,0,0,0,0,0,0,0,0,0
6,5.0932944606414,2.37209302325581,2.63870967741935,6,4,6,3,4,35,0,0,0,0,0,0,0,0,0,0,2.49,3.30407825443102,3.31025276854928,3.29342012288787,3.79,5.99,3.29,2.59,2.49,3.36428571428571,0,0,0,0,0,0,0,0,0,0,0,0,0,0,0,0,0,0,0,1,0,0,0,0,0,0,0,0,0,0,0,0,0,0,0,0,0,0,0,0,0,0,0,0,0,0,0,0,0,1,0,0,0,0,0,0,0,0,0,0
8,5.0932944606414,2.37209302325581,2.63870967741935,2,4,3,4,4,36,0,0,0,0,0,0,0,0,0,1,2.49,3.30407825443102,3.31025276854928,3.29342012288787,3.79,5.99,3.29,2.59,2.49,1.76111111111111,0,0,0,0,0,0,0,0,0,0,0,0,0,0,0,0,0,0,0,0,0,0,0,0,0,0,0,0,0,0,0,0,0,0,0,0,0,0,0,1,0,0,0,0,0,0,0,0,0,0,0,0,0,0,0,0,0,0,0,0
2,5.0932944606414,2.37209302325581,2.63870967741935,10,1,3,2,7,41,0,0,0,0,1,0,0,0,0,1,2.49,3.30407825443102,3.31025276854928,3.29342012288787,1.895,5.99,3.29,2.59,2.49,1.77268292682927,0,0,0,0,0,0,0,0,0,0,0,0,0,0,0,0,0,0,0,1,0,0,0,0,0,0,0,0,0,0,0,0,0,0,1,0,0,0,0,0,0,0,0,0,0,0,0,0,0,1,0,0,0,0,0,0,0,0,0,0
2,5.0932944606414,2.37209302325581,2.63870967741935,4,3,4,13,3,10,0,0,0,0,0,0,0,0,0,0,2.49,3.30407825443102,3.31025276854928,3.29342012288787,3.79,5.99,3.29,2.59,2.49,3.3,0,0,0,0,0,0,0,0,0,0,0,0,0,0,0,0,0,0,0,0,0,0,0,0,0,0,0,0,0,0,0,0,0,0,0,0,0,0,0,0,0,0,0,0,0,0,0,0,0,0,0,0,0,0,0,0,0,0,0,0
6,5.0932944606414,2.37209302325581,2.63870967741935,4,1,5,2,9,16,0,0,0,0,0,0,0,0,0,1,2.49,3.30407825443102,3.31025276854928,3.29342012288787,3.79,5.99,3.29,2.59,2.49,1.9925,0,0,0,0,0,0,0,0,0,0,0,0,0,0,0,0,0,0,0,0,0,0,0,0,0,0,0,0,0,0,0,0,0,0,0,0,0,0,0,1,0,0,0,0,0,0,0,0,0,0,0,0,0,0,0,0,0,0,0,0
3,5.0932944606414,2.37209302325581,2.63870967741935,1,3.05604719764012,5,4,11,60,0,0,0,0,0,0,0,0,0,1,2.49,3.30407825443102,3.31025276854928,3.29342012288787,3.79,6.54163365641242,3.29,2.59,2.49,1.7615,0,0,0,0,0,0,0,0,0,0,0,0,0,0,0,0,0,0,0,1,0,0,0,0,0,0,0,0,0,0,0,0,0,0,0,0,0,0,0,0,0,0,0,0,0,0,0,0,0,1,0,0,0,0,0,0,0,0,0,0
6,5.0932944606414,2.37209302325581,2.63870967741935,3,2,2,6,12,57,0,0,0,0,0,0,0,0,0,1,2.49,3.30407825443102,3.31025276854928,3.29342012288787,3.79,5.99,3.29,2.59,2.49,1.76421052631579,0,0,0,0,0,0,0,0,0,0,0,0,0,0,0,0,0,0,0,1,0,0,0,0,0,0,0,0,0,0,0,0,0,0,0,0,0,0,0,0,0,0,0,0,0,0,0,0,0,1,0,0,0,0,0,0,0,0,0,0
9,5.0932944606414,2,1,2,4,1,6,3,9,0,0,0,0,1,0,0,0,0,0,2.49,3.30407825443102,2.29,2.29,2.5,6.49,3.29,2.59,2.49,3.25666666666667,0,0,0,0,0,0,0,0,0,0,0,0,0,0,0,0,0,0,0,0,0,0,0,0,0,0,0,0,0,0,0,0,0,0,0,0,0,0,0,0,0,0,0,0,0,0,0,0,0,0,0,0,0,0,1,0,0,0,0,0
5,1,3,5,4.83818770226537,2,8,9,4,20,0,0,0,0,0,0,0,0,0,1,2.49,2.29,2.29,2.29,3.39704926519004,6.49,3.29,2.59,2.49,1.8245,0,0,0,0,0,0,0,0,0,0,0,0,0,0,0,0,0,0,0,0,0,0,0,0,0,0,0,0,0,0,0,0,0,0,0,0,0,0,0,0,0,0,0,0,0,0,0,0,0,1,0,0,0,0,0,0,0,0,0,0
3,5,1,3,1,1,10,6,10,54,0,0,0,0,0,0,0,0,0,0,2.49,2.29,2.29,2.29,3.79,6.49,3.29,2.59,2.49,3.38259259259259,0,0,0,0,0,0,0,0,0,0,0,0,0,0,0,0,0,0,0,1,0,0,0,0,0,0,0,0,0,0,0,0,0,0,0,0,0,0,0,0,0,0,0,0,0,0,0,0,0,1,0,0,0,0,0,0,0,0,0,0
9,2,2.37209302325581,2,2,5,3,9,10,56,0,0,0,0,0,0,0,0,0,1,2.49,2.29,3.31025276854928,2.29,3.79,6.49,3.29,2.59,2.49,1.71803571428571,0,0,0,0,0,0,0,0,0,0,0,0,0,0,0,0,0,0,0,1,0,0,0,0,0,0,0,0,0,0,0,0,0,0,0,0,0,0,0,1,0,0,0,0,0,0,0,0,0,0,0,0,0,0,0,0,0,0,0,0
14,5.0932944606414,3,2,4.83818770226537,2,11,7,5,44,0,0,0,0,0,0,0,0,0,0,2.49,3.30407825443102,2.29,2.29,3.39704926519004,6.49,3.29,2.59,2.49,3.38090909090909,0,0,0,0,0,0,0,0,0,0,0,0,0,0,0,0,0,0,0,1,0,0,0,0,0,0,0,0,0,0,0,0,0,0,0,0,0,0,0,0,0,0,0,0,0,0,0,0,0,1,0,0,0,0,0,0,0,0,0,0
6,2,1,3,4.83818770226537,2,9,3,8,4,0,0,0,0,0,0,0,0,0,0,2.49,2.29,2.29,2.29,3.39704926519004,6.49,3.29,2.59,2.49,3.39,0,0,0,0,0,0,0,0,0,0,0,0,0,0,0,0,0,0,0,0,0,0,0,0,0,0,0,0,0,0,0,0,0,0,0,0,0,0,0,0,0,0,0,0,0,0,0,0,0,0,0,0,0,0,0,0,0,0,0,0
6,2,2.37209302325581,3,4.83818770226537,2,9,8,7,16,0,0,0,0,0,0,0,0,0,0,2.49,2.29,3.31025276854928,2.29,3.39704926519004,6.49,3.29,2.59,2.49,3.34,0,0,0,0,0,0,0,0,0,0,0,0,0,0,0,0,0,0,0,0,0,0,0,0,0,0,0,0,0,0,0,0,0,0,0,0,0,0,0,0,0,0,0,0,0,0,0,0,0,0,0,0,0,0,0,0,0,0,0,0
6,3,2,2,4.83818770226537,1,3,4,6,52,0,0,0,0,0,0,0,0,0,1,2.49,2.29,2.29,2.29,3.39704926519004,6.49,3.29,2.59,2.49,1.76980769230769,0,0,0,0,0,0,0,0,0,0,0,0,0,0,0,0,0,0,0,1,0,0,0,0,0,0,0,0,0,0,0,0,0,0,0,0,0,0,0,0,0,0,0,0,0,0,0,0,0,1,0,0,0,0,0,0,0,0,0,0
6,3,2,1,4.83818770226537,5,5,9,9,44,0,0,0,0,0,0,0,0,0,1,2.49,3.29,3.29,3.29,3.39704926519004,6.49,3.29,2.59,2.49,1.695,0,0,0,0,0,0,0,0,0,0,0,0,0,0,0,0,0,0,0,1,0,0,0,0,0,0,0,0,0,0,0,0,0,0,0,0,0,0,1,0,0,0,0,0,0,0,0,0,0,1,0,0,0,0,0,0,0,0,0,0
14,7,1,2,4.83818770226537,2,5,10,6,8,0,0,0,0,0,0,0,0,0,0,2.49,3.29,3.29,3.29,3.39704926519004,6.49,3.29,2.59,2.49,3.34,0,0,0,0,0,0,0,0,0,0,0,0,0,0,0,0,0,0,0,0,0,0,0,0,0,0,0,0,0,0,0,0,0,0,0,0,0,0,0,0,0,0,0,0,0,0,0,0,0,0,0,0,0,0,0,0,0,0,0,0
8,1,2.37209302325581,2,4.83818770226537,5,9,11,12,19,0,0,0,0,0,0,0,0,0,0,2.49,3.29,3.31025276854928,3.29,3.39704926519004,6.49,3.29,2.59,2.49,3.13736842105263,0,0,0,0,0,0,0,0,0,0,0,0,0,0,0,0,0,0,0,0,0,0,0,0,0,0,0,0,0,0,0,0,0,0,0,0,0,0,0,0,0,0,0,0,0,0,0,0,0,0,0,0,0,0,0,0,0,0,0,0
6,1,2.37209302325581,4,4.83818770226537,3.05604719764012,10,9,9,19,0,0,0,0,0,0,0,0,0,1,2.49,3.29,3.31025276854928,3.29,3.39704926519004,6.54163365641242,3.29,2.59,2.49,2.10421052631579,0,0,0,0,0,0,0,0,0,0,0,0,0,0,0,0,0,0,0,0,0,0,0,0,0,0,0,0,0,0,0,0,0,0,0,0,0,0,0,0,0,0,0,0,0,0,0,0,0,1,0,0,0,0,0,0,0,0,0,0
11,4,4,4,4.83818770226537,2,7,6,17,5,0,0,0,0,0,0,0,0,0,0,2.49,3.29,3.29,3.29,3.39704926519004,6.49,3.29,2.59,2.49,3.23,0,0,0,0,0,0,0,0,0,0,0,0,0,0,0,0,0,0,0,0,0,0,0,0,0,0,0,0,0,0,0,0,0,0,0,0,0,0,0,0,0,0,0,0,0,0,0,0,0,0,0,0,0,0,0,0,0,0,0,0
11,2,3,2,4.83818770226537,2,9,8,7,8,0,0,0,0,0,0,0,0,0,1,2.49,3.29,3.29,3.29,3.39704926519004,6.49,3.29,2.59,2.49,1.8575,0,0,0,0,0,0,0,0,0,0,0,0,0,0,0,0,0,0,0,0,0,0,0,0,0,0,0,0,0,0,0,0,0,0,0,0,0,0,0,0,0,0,0,0,0,0,0,0,0,1,0,0,0,0,0,0,0,0,0,0
3,5,1,4,4.83818770226537,3,9,5,9,54,0,0,0,0,0,0,0,0,0,1,2.49,3.29,3.29,3.29,3.39704926519004,6.49,3.29,2.59,2.49,1.695,0,0,0,0,0,0,0,0,0,0,0,0,0,0,0,0,0,0,0,1,0,0,0,0,0,0,0,0,0,0,0,0,0,0,0,0,0,0,0,0,0,0,0,0,0,0,0,0,0,1,0,0,0,0,0,0,0,0,0,0
12,3,1,2,4.83818770226537,6,6,7,11,77,0,0,0,0,0,0,0,0,0,1,2.49,3.29,3.29,3.29,3.39704926519004,6.49,3.29,2.59,2.49,1.7287012987013,0,0,0,0,0,0,0,0,0,0,0,0,0,0,0,0,0,0,0,1,0,0,0,0,0,0,0,0,0,0,0,0,0,0,0,0,0,0,0,0,0,0,0,0,0,0,0,0,0,1,0,0,0,0,0,0,0,0,0,0
8,8,2.37209302325581,6,4.83818770226537,6,6,6,10,7,0,0,0,0,0,0,0,0,0,0,2.49,3.29,3.31025276854928,3.29,3.39704926519004,6.49,3.29,2.59,2.49,3.27571428571429,0,0,0,0,0,0,0,0,0,0,0,0,0,0,0,0,0,0,0,0,0,0,0,0,0,0,0,0,0,0,0,0,0,0,0,0,0,0,0,0,0,0,0,0,0,0,0,0,0,0,0,0,0,0,0,0,0,0,0,0
8,11,2.37209302325581,8,4.83818770226537,2,2,6,16,19,0,0,0,0,0,0,0,0,0,1,2.49,3.29,3.31025276854928,3.29,3.39704926519004,6.49,3.29,2.59,2.49,1.83157894736842,0,0,0,0,0,0,0,0,0,0,0,0,0,0,0,0,0,0,0,0,0,0,0,0,0,0,0,0,0,0,0,0,0,0,0,0,0,0,0,0,0,0,0,0,0,0,0,0,0,1,0,0,0,0,0,0,0,0,0,0
14,8,2.37209302325581,5,4.83818770226537,3,2,8,4,12,0,0,0,0,0,0,0,0,0,0,2.49,3.29,3.31025276854928,3.29,3.39704926519004,6.49,3.29,2.59,2.49,3.89,0,0,0,0,0,0,0,0,0,0,0,0,0,0,0,0,0,0,0,0,0,0,0,0,0,0,0,0,0,0,0,0,0,0,0,0,0,0,0,0,0,0,0,0,0,0,0,0,0,0,0,0,0,0,0,0,0,0,0,0
8,4,2.37209302325581,1,4.83818770226537,5,9,5,10,15,0,0,0,0,0,0,0,0,0,0,2.49,3.29,3.31025276854928,3.29,3.39704926519004,6.49,3.29,2.59,2.49,3.71,0,0,0,0,0,0,0,0,0,0,0,0,0,0,0,0,0,0,0,0,0,0,0,0,0,0,0,0,0,0,0,0,0,0,0,0,0,0,0,0,0,0,0,0,0,0,0,0,0,0,0,0,0,0,0,0,0,0,0,0
13,5,1,2,4.83818770226537,1,9,6,7,64,0,0,0,0,0,0,0,0,0,1,2.49,3.29,3.29,3.29,3.39704926519004,6.49,3.29,2.59,2.49,1.96140625,0,0,0,0,0,0,0,0,0,0,0,0,0,0,0,0,0,0,0,1,0,0,0,0,0,0,0,0,0,0,0,0,0,0,0,0,0,0,0,0,0,0,0,0,0,0,0,0,0,1,0,0,0,0,0,0,0,0,0,0
7,6,4,4,4.83818770226537,2,12,8,13,58,0,0,0,0,0,0,0,0,0,1,2.49,3.29,3.29,3.29,3.39704926519004,6.49,3.29,2.59,2.49,1.945,0,0,0,0,0,0,0,0,0,0,0,0,0,0,0,0,0,0,0,1,0,0,0,0,0,0,0,0,0,0,0,0,0,0,0,0,0,0,0,0,0,0,0,0,0,0,0,0,0,1,0,0,0,0,0,0,0,0,0,0
7,5,2,1,4.83818770226537,4,7,3,6,48,0,0,0,0,0,0,0,0,0,0,2.49,3.29,3.29,3.29,3.39704926519004,6.49,3.29,2.59,2.49,3.89,0,0,0,0,0,0,0,0,0,0,0,0,0,0,0,0,0,0,0,1,0,0,0,0,0,0,0,0,0,0,0,0,0,0,0,0,0,0,0,0,0,0,0,0,0,0,0,0,0,0,0,0,0,0,0,0,0,0,0,0
11,4,1,1,4.83818770226537,4,11,10,4,42,0,0,0,0,0,0,0,0,0,1,2.49,3.29,3.29,3.29,3.39704926519004,6.49,3.29,2.59,2.49,1.9947619047619,0,0,0,0,0,0,0,0,0,0,0,0,0,0,0,0,0,0,0,1,0,0,0,0,0,0,0,0,0,0,0,0,0,0,0,0,0,0,0,0,0,0,0,0,0,0,0,0,0,1,0,0,0,0,0,0,0,0,0,0
6,7,3,2.63870967741935,4.83818770226537,3.05604719764012,11,14,10,20,0,0,0,0,0,0,0,0,0,0,2.49,3.29,3.29,3.29342012288787,3.39704926519004,6.54163365641242,3.29,2.59,2.49,3.755,0,0,0,0,0,0,0,0,0,0,0,0,0,0,0,0,0,0,0,1,0,0,0,0,0,0,0,0,0,0,0,0,0,0,0,0,0,0,0,0,0,0,0,0,0,0,0,0,0,0,0,0,0,0,0,0,0,0,0,0
8,5.0932944606414,1,2.63870967741935,9,3,3,1,4,13,0,0,0,0,1,0,0,0,0,1,2.49,3.30407825443102,3.29,3.29342012288787,2.5,6.49,3.29,2.59,2.49,2.10615384615385,0,0,0,0,0,0,0,0,0,0,0,0,0,0,0,0,0,0,0,0,0,0,0,0,0,0,0,0,0,0,0,0,0,0,0,0,0,0,0,0,0,0,0,0,1,0,0,0,0,1,0,0,0,0,0,0,0,0,0,0
8,5,4,2.63870967741935,2,1,2,5,9,8,0,0,0,0,1,0,0,0,0,0,2.49,3.29,3.29,3.29342012288787,3.89,6.49,3.29,2.59,2.49,3.44,0,0,0,0,0,0,0,0,0,0,0,0,0,0,0,0,0,0,0,0,0,0,0,0,0,0,0,0,0,0,0,0,0,0,0,0,0,0,0,0,0,0,0,0,0,0,0,0,0,0,0,0,0,0,0,0,0,0,0,0
7,1,3,2.63870967741935,3,3,8,6,12,6,0,0,0,0,1,0,0,0,0,0,2.49,3.29,3.29,3.29342012288787,3.89,6.49,3.29,2.59,2.49,3.14,0,0,0,0,0,0,0,0,0,0,0,0,0,0,0,0,0,0,0,0,0,0,0,0,0,0,0,0,0,0,0,0,0,0,0,0,0,0,0,0,0,0,0,0,0,0,0,0,0,0,0,0,0,0,0,0,0,0,0,0
8,4,1,2.63870967741935,4,2,9,5,10,67,0,0,0,0,1,0,0,0,0,1,2.49,3.29,3.29,3.29342012288787,3.89,6.49,3.29,2.59,2.49,1.94059701492537,0,0,0,0,0,0,0,0,0,0,0,0,0,0,0,0,0,0,0,1,0,0,0,0,0,0,0,0,0,0,0,0,0,0,0,0,0,0,0,0,0,0,0,0,0,0,0,0,0,1,0,0,0,0,0,0,0,0,0,0
10,3,1,2.63870967741935,3,3,6,17,8,46,0,0,0,0,1,0,0,0,0,1,2.49,3.29,3.29,3.29342012288787,3.89,6.49,3.29,2.59,2.49,1.9354347826087,0,0,0,0,0,0,0,0,0,0,0,0,0,0,0,0,0,0,0,1,0,0,0,0,0,0,0,0,0,0,0,0,0,0,0,0,0,0,0,0,0,0,0,0,0,0,0,0,0,1,0,0,0,0,0,0,0,0,0,0
6,3,2.37209302325581,1,4,3,4,5,7,52,0,0,0,0,1,0,0,0,0,1,2.49,3.29,3.31025276854928,3.29,3.89,6.49,3.29,2.59,2.49,1.93653846153846,0,0,0,0,0,0,0,0,0,0,0,0,0,0,0,0,0,0,0,1,0,0,0,0,0,0,0,0,0,0,0,0,0,0,0,0,0,0,0,0,0,0,0,0,0,0,0,0,0,1,0,0,0,0,0,0,0,0,0,0
5,5,2,3,6,9,5,3,9,7,0,0,0,0,1,0,0,0,0,0,2.49,3.69,3.69,3.69,3.89,6.49,3.29,3.39,2.79,3.80428571428571,0,0,0,0,0,0,0,0,0,0,0,0,0,0,0,0,0,0,0,0,0,0,0,0,0,0,0,0,0,0,0,0,0,0,0,0,0,0,0,0,0,0,0,0,0,0,0,0,0,0,0,0,0,0,0,0,0,0,0,0
10,2,2,2.63870967741935,2,2,12,4,6,20,0,0,0,0,0,0,0,0,0,1,2.49,3.69,3.69,3.29342012288787,3.99,6.49,3.49,3.39,2.79,1.945,0,0,0,0,0,0,0,0,0,0,0,0,0,0,0,0,0,0,0,0,0,0,0,0,0,0,0,0,0,0,0,0,0,0,0,0,0,0,0,0,0,0,0,0,0,0,0,0,0,1,0,0,0,0,0,0,0,0,0,0
8,2,2,1,4,6,10,3,5,50,0,0,0,0,0,0,0,0,0,0,2.49,3.69,3.69,3.69,3.99,6.99,3.39,3.39,2.79,3.848,0,0,0,0,0,0,0,0,0,0,0,0,0,0,0,0,0,0,0,1,0,0,0,0,0,0,0,0,0,0,0,0,0,0,0,0,0,0,0,0,0,0,0,0,0,0,0,0,0,1,0,0,0,0,0,0,0,0,0,0
5,1,1,1,3,5,5,3,10,27,0,0,0,0,0,0,0,0,0,1,2.49,3.69,3.69,3.69,3.99,6.99,3.39,3.39,2.79,3.47888888888889,0,0,0,0,0,0,0,0,0,0,0,0,0,0,0,0,0,0,0,1,0,0,0,0,0,0,0,0,0,0,0,0,0,0,0,0,0,0,0,0,0,0,0,0,0,0,0,0,0,0,0,0,0,0,0,0,0,0,0,0
5,5.0932944606414,1,2.63870967741935,9,3,7,7,9,11,0,0,0,0,0,0,0,0,0,1,2.49,3.30407825443102,3.69,3.29342012288787,3.99,6.99,3.39,3.39,2.79,3.42636363636364,0,0,0,0,0,0,0,0,0,0,0,0,0,0,0,0,0,0,0,0,0,0,0,0,0,0,0,0,0,0,0,0,0,0,0,0,0,0,0,0,0,0,0,0,0,0,0,0,0,0,0,0,0,0,0,0,0,0,0,0
3,2,2.37209302325581,1,7,1,4,8,6,17,0,0,0,0,0,0,0,0,0,1,2.49,3.69,3.31025276854928,3.69,3.99,6.99,3.39,3.39,2.79,1.88294117647059,0,0,0,0,0,0,0,0,0,0,0,0,0,0,0,0,0,0,0,0,0,0,0,0,0,0,0,0,0,0,0,0,0,0,0,0,0,0,0,1,0,0,0,0,0,0,0,0,0,0,0,0,0,0,0,0,0,0,0,0
6,1,1,1,2,3,9,8,4,23,0,0,0,0,0,0,0,0,0,1,2.49,3.69,3.69,3.69,3.99,6.99,3.39,3.39,2.79,3.59,0,0,0,0,0,0,0,0,0,0,0,0,0,0,0,0,0,0,0,0,0,0,0,0,0,0,0,0,0,0,0,0,0,0,0,0,0,0,0,0,0,0,0,0,0,0,0,0,0,0,0,0,0,0,0,0,0,0,0,0
11,1,7,2,4,2,8,5,16,7,0,0,0,0,0,0,0,0,0,1,2.49,3.69,3.69,3.69,3.99,6.99,3.39,3.39,2.79,3.54714285714286,0,0,0,0,0,0,0,0,0,0,0,0,0,0,0,0,0,0,0,0,0,0,0,0,0,0,0,0,0,0,0,0,0,0,0,0,0,0,0,0,0,0,0,0,0,0,0,0,0,0,0,0,0,0,0,0,0,0,0,0
5,2,2,2.63870967741935,3,3,3,5,8,34,0,0,0,0,0,0,0,0,0,1,2.49,3.69,3.69,3.29342012288787,3.99,6.99,3.39,3.39,2.79,1.795,0,0,0,0,0,0,0,0,0,0,0,0,0,0,0,0,0,0,0,1,0,0,0,0,0,0,0,0,0,0,0,0,0,0,0,0,0,0,0,1,0,0,0,0,0,0,0,0,0,0,0,0,0,0,0,0,0,0,0,0
10,1,1,3,7,4,3,6,8,41,0,0,0,0,0,0,0,0,0,1,2.49,3.69,3.69,3.69,3.99,6.99,3.39,3.39,2.79,1.90439024390244,0,0,0,0,0,0,0,0,0,0,0,0,0,0,0,0,0,0,0,1,0,0,0,0,0,0,0,0,0,0,0,0,0,0,0,0,0,0,0,0,0,0,0,0,0,0,0,0,0,1,0,0,0,0,0,0,0,0,0,0
10,6,1,2,8,4,3,7,7,8,0,0,0,0,0,0,0,0,0,1,2.49,3.69,3.69,3.69,3.99,6.99,3.39,3.39,2.79,3.5525,0,0,0,0,0,0,0,0,0,0,0,0,0,0,0,0,0,0,0,0,0,0,0,0,0,0,0,0,0,0,0,0,0,0,0,0,0,0,0,0,0,0,0,0,0,0,0,0,0,0,0,0,0,0,0,0,0,0,0,0
7,2,3,2,8,3,4,7,9,5,0,0,0,0,0,0,0,0,0,1,2.49,3.69,3.69,3.69,3.99,6.99,3.39,3.39,2.79,3.47,0,0,0,0,0,0,0,0,0,0,0,0,0,0,0,0,0,0,0,0,0,0,0,0,0,0,0,0,0,0,0,0,0,0,0,0,0,0,0,0,0,0,0,0,0,0,0,0,0,0,0,0,0,0,0,0,0,0,0,0
11,2,2.37209302325581,1,8,2,3,4,6,6,0,0,0,0,0,0,0,0,0,1,2.49,3.69,3.31025276854928,3.69,3.99,6.99,3.39,3.39,2.79,3.44,0,0,0,0,0,0,0,0,0,0,0,0,0,0,0,0,0,0,0,0,0,0,0,0,0,0,0,0,0,0,0,0,0,0,0,0,0,0,0,0,0,0,0,0,0,0,0,0,0,0,0,0,0,0,0,0,0,0,0,0
6,1,1,1,3,1,1,8,10,4,0,0,0,0,1,0,0,0,0,0,2.49,3.69,3.69,3.69,2.5,6.99,3.39,3.39,2.79,3.515,0,0,0,0,0,0,0,0,0,0,0,0,0,0,0,0,0,0,0,0,0,0,0,0,0,0,0,0,0,0,0,0,0,0,0,0,0,0,0,0,0,0,0,0,0,0,0,0,0,0,0,0,0,0,0,0,0,0,0,0
7,1,1,4,15,2,9,6,6,2,0,0,0,0,1,0,0,0,0,0,2.49,3.69,3.69,3.69,2.7,6.99,3.39,3.39,2.79,3.44,0,0,0,0,0,0,0,0,0,0,0,0,0,0,0,0,0,0,0,0,0,0,0,0,0,0,0,0,0,0,0,0,0,0,0,0,0,0,0,0,0,0,0,0,0,0,0,0,0,0,0,0,0,0,0,0,0,0,0,0
7,3,2.37209302325581,1,6,1,4,6,7,4,0,1,0,1,1,0,0,0,1,0,2.49,2,3.31025276854928,2,3.24,6.99,3.39,3.39,2.49,3.52,0,0,0,0,0,0,0,0,0,0,0,0,0,0,0,0,0,0,0,0,0,0,0,0,0,0,0,0,0,0,0,0,0,0,0,0,0,0,0,0,0,0,0,0,0,0,0,0,0,0,0,0,0,0,0,0,0,0,0,0
9,1,4,3,1,1,3,4,4,19.3267973856209,0,1,1,1,0,0,0,0,1,0,2.49,2,2,2,3.99,6.99,3.39,3.39,2.49,2.52230985668503,0,0,0,0,0,0,0,0,0,0,0,0,0,0,0,0,0,0,0,0,0,0,0,0,0,0,0,0,0,0,0,0,0,0,0,0,0,0,0,0,0,0,0,0,0,0,0,0,0,0,0,0,0,0,0,0,0,0,0,0
6,3,3,3,7,3,3,6,7,26,0,1,0,1,0,0,0,0,1,1,2.49,3.13,3.69,2.56,3.99,6.99,3.39,3.39,2.49,2.15,0,0,0,0,0,0,0,0,0,0,0,0,0,0,0,0,0,0,0,1,0,0,0,0,0,0,0,0,0,0,0,0,0,0,0,0,0,0,0,0,0,0,0,0,0,0,0,0,0,1,0,0,0,0,0,0,0,0,0,0
4,5.0932944606414,1,1,4,2,5,9,8,40,0,0,0,0,0,0,0,0,1,1,2.49,3.30407825443102,3.69,3.69,3.99,6.99,3.39,3.39,2.49,1.685,0,0,0,0,0,0,0,0,0,0,0,0,0,0,0,0,0,0,0,1,0,0,0,0,0,0,0,0,0,0,0,0,0,0,0,0,0,0,0,0,0,0,0,0,0,0,0,0,0,1,0,0,0,0,0,0,0,0,0,0
4,5.0932944606414,2,5,3,2,7,2,6,23,0,0,0,0,0,0,0,0,1,1,2.49,3.30407825443102,3.69,3.69,3.99,6.99,3.39,3.39,2.49,1.77391304347826,0,0,0,0,0,0,0,0,0,0,0,0,0,0,0,0,0,0,0,1,0,0,0,0,0,0,0,0,0,0,0,0,0,0,0,0,0,0,0,0,0,0,0,0,0,0,0,0,0,1,0,0,0,0,0,0,0,0,0,0
2,5.0932944606414,1,1,3,4,8,6,7,44,0,0,0,0,0,0,0,0,1,1,2.49,3.30407825443102,3.69,3.69,3.99,6.99,3.39,3.39,2.49,1.90590909090909,0,0,0,0,0,0,0,0,0,0,0,0,0,0,0,0,0,0,0,1,0,0,0,0,0,0,0,0,0,0,0,0,0,0,0,0,0,0,0,0,0,0,0,0,0,0,0,0,0,1,0,0,0,0,0,0,0,0,0,0
5,1,2,3,8,1,9,11,12,16,0,0,0,0,1,0,0,0,0,1,2.49,3.69,3.69,3.69,3.06,6.99,3.39,3.39,2.49,2.4025,0,0,0,0,0,0,0,0,0,0,0,0,0,0,0,0,0,0,0,0,0,0,0,0,0,0,0,0,0,0,0,0,0,0,0,0,0,0,0,0,0,0,0,0,0,0,0,0,0,0,0,0,0,0,0,0,0,0,0,0
8,2,2.37209302325581,2,4.83818770226537,2,6,6,9,4,0,0,0,0,0,0,0,0,0,0,2.49,3.69,3.31025276854928,3.69,3.39704926519004,6.99,3.39,3.39,2.49,3.49,0,0,0,0,0,0,0,0,0,0,0,0,0,0,0,0,0,0,0,0,0,0,0,0,0,0,0,0,0,0,0,0,0,0,0,0,0,0,0,0,0,0,0,0,0,0,0,0,0,0,0,0,0,0,0,0,0,0,0,0
4,3,2,1,1,3.05604719764012,5,7,4,6,0,0,0,0,0,0,0,0,0,0,2.49,3.69,3.69,3.69,3.99,6.54163365641242,3.39,3.39,2.49,3.49,0,0,0,0,0,0,0,0,0,0,0,0,0,0,0,0,0,0,0,0,0,0,0,0,0,0,0,0,0,0,0,0,0,0,0,0,0,0,0,0,0,0,0,0,0,0,0,0,1,0,0,0,0,0,0,0,0,0,0,0
9,3,2,4,1,1,3,6,9,1,0,0,0,0,0,0,0,0,0,0,2.49,3.69,3.69,3.69,3.99,6.99,3.39,3.31,2.49,3.49,0,0,0,0,0,0,0,0,0,0,0,0,0,0,0,0,0,0,0,0,0,0,0,0,0,0,0,0,0,0,0,0,0,0,0,0,0,0,1,0,0,0,0,0,0,0,0,0,0,0,0,0,0,0,0,0,0,0,0,0
8,3,3,2,7,1,14,9,11,4,0,0,0,0,0,0,1,0,0,0,2.49,3.69,3.69,3.69,3.99,6.99,2.69,3.29,2.49,3.49,0,0,0,0,0,0,0,0,0,0,0,0,0,0,0,0,0,0,0,0,0,0,0,0,0,0,0,0,0,0,0,0,0,0,0,0,0,0,0,0,0,0,0,0,0,0,0,0,1,0,0,0,0,0,0,0,0,0,0,0
8,7,6,3,5,2,11,8,6,33,0,1,1,1,0,0,1,0,0,1,2.49,2,2.28,2,3.99,6.99,2.5,3.36,2.49,2.12,0,0,0,0,0,0,0,0,0,0,0,0,0,0,0,0,0,0,0,1,0,0,0,0,0,0,0,0,0,0,0,0,0,0,0,0,0,0,0,1,0,0,0,0,0,0,0,0,0,0,0,0,0,0,0,0,0,0,0,0
7,7,8,3,4.83818770226537,3,8,10,5,65,0,1,1,1,0,0,1,0,0,1,2.49,2.24,2,2,3.39704926519004,6.99,3.06,3.39,2.49,1.83,0,0,0,0,0,0,0,0,0,0,0,0,0,0,0,0,0,0,0,1,0,0,0,0,0,0,0,0,0,0,0,1,1,0,0,0,0,0,0,0,0,0,0,0,0,0,0,0,0,1,0,0,0,0,0,0,0,0,0,0
8,4,1,7,4.83818770226537,3.05604719764012,6,6,5,59,0,1,1,1,0,0,0,0,0,1,2.49,2,2,2.24,3.39704926519004,6.54163365641242,3.39,3.39,2.49,2.01542372881356,0,0,0,0,0,0,0,0,0,0,0,0,0,0,0,0,0,0,0,1,0,0,0,0,0,0,0,0,0,0,0,0,0,0,0,0,0,0,0,0,0,0,0,0,0,0,0,0,0,1,0,0,0,0,0,0,0,0,0,0
6,1,4,6,4.83818770226537,5,4,3,8,43,0,1,1,1,0,1,0,1,0,1,2.49,3.29,3.29,3.36,3.39704926519004,6.19,3.34,2.86,2.49,1.8453488372093,0,0,0,0,0,0,0,0,0,0,0,0,0,0,0,0,0,0,0,1,0,0,0,0,0,0,0,0,0,0,0,0,0,0,0,0,0,0,0,1,0,0,0,0,0,0,0,0,0,0,0,0,0,0,0,0,0,0,0,0
12,7,3,1,8,4,7,10,11,9,0,1,1,1,1,1,0,1,0,1,2.49,3.29,3.29,3.29,1.94,6.19,3.29,2.59,2.49,2.25888888888889,0,0,0,0,0,0,0,0,0,0,0,0,0,0,0,0,0,0,0,0,0,0,0,0,0,0,0,0,0,0,0,0,0,0,0,0,0,0,0,0,0,0,0,0,0,0,0,0,0,0,0,0,0,0,0,0,0,0,0,0
3,7,2,4,6,6,2,3,8,6,0,1,1,1,1,1,0,1,0,1,2.49,3.29,3.29,3.29,1.94,6.19,3.29,2.59,2.49,3.09,0,0,0,0,0,0,0,0,0,0,0,0,0,0,0,0,0,0,0,0,0,0,0,0,0,0,0,0,0,0,0,0,0,0,1,0,0,0,0,0,0,0,0,0,0,0,0,0,0,0,0,0,0,0,0,0,0,0,0,0
5,4,2.37209302325581,1,1,1,8.53443526170799,6,8,6,0,1,0,0,1,1,0,1,0,1,2.49,3.29,3.31025276854928,3.29,3.89,6.19,3.28223601207774,2.59,2.49,2.82333333333333,0,0,0,0,0,0,0,0,0,0,0,0,0,0,0,0,0,0,0,0,0,0,0,0,0,0,0,0,0,0,0,0,0,0,0,0,0,0,0,0,0,0,0,0,0,0,0,0,0,0,0,0,0,0,0,0,0,0,0,0
5,2,2.37209302325581,2,4.83818770226537,1,7,3,11,17,0,0,0,0,0,1,0,1,0,1,2.49,3.29,3.31025276854928,3.29,3.39704926519004,6.19,3.29,2.59,2.49,2.11529411764706,0,0,0,0,0,0,0,0,0,0,0,0,0,0,0,0,0,0,0,0,0,0,0,0,0,0,0,0,0,0,0,0,0,0,0,0,0,0,0,0,0,0,0,0,0,0,0,0,0,0,0,0,0,0,0,0,0,0,0,0
9,6,2.37209302325581,3,4.83818770226537,4,5,8,5,42,0,0,0,0,0,1,0,1,0,1,2.49,3.29,3.31025276854928,3.29,3.39704926519004,6.19,3.29,2.59,2.49,2.19142857142857,0,0,0,0,0,0,0,0,0,0,0,0,0,0,0,0,0,0,0,1,0,0,0,0,0,0,0,0,0,0,0,0,0,0,0,0,0,0,0,0,0,0,0,0,0,0,0,0,0,1,0,0,0,0,0,0,0,0,0,0
7,4,1,3,2,3,2,8,11,66,0,0,1,0,0,0,0,0,0,1,2.49,3.29,3.29,3.29,3.89,6.19,3.29,2.59,2.49,2.175,0,0,0,0,0,0,0,0,0,0,0,0,0,0,0,0,0,0,0,0,0,0,0,0,0,0,0,0,0,0,0,0,0,0,0,0,0,0,0,1,0,0,0,0,0,0,0,0,0,0,0,0,0,0,0,0,0,0,0,0
10,6,4,2.63870967741935,2,4,4,6,4,26,0,0,1,0,0,0,0,0,0,1,2.49,3.29,3.29,3.29342012288787,3.89,6.19,3.29,2.59,2.49,2.19192307692308,0,0,0,0,0,0,0,0,0,0,0,0,0,0,0,0,0,0,0,0,0,0,0,0,0,0,0,0,0,0,0,0,0,0,0,0,0,0,0,0,0,0,0,0,0,0,0,0,0,0,0,0,0,0,0,0,0,0,0,0
7,6,1,2,1,1,10,6,10,3,0,0,1,0,0,0,0,0,0,0,2.49,3.29,3.29,3.29,3.89,6.19,3.29,2.59,2.49,3.42333333333333,0,0,0,0,0,0,0,0,0,0,0,0,0,0,0,0,0,0,0,0,0,0,0,0,0,0,0,0,0,0,0,0,0,0,0,0,0,0,0,0,0,0,0,0,0,0,0,0,0,0,0,0,0,0,0,0,0,0,0,0
6,8,3,1,2,2,4,2,6,1,0,1,1,1,1,0,0,0,0,0,2.49,2.6,2.5,2.5,1.94,6.19,3.29,2.59,2.49,2.49,0,0,0,0,0,0,0,0,0,0,0,0,0,0,0,0,0,0,0,0,0,0,0,0,0,0,0,0,0,0,0,0,0,0,0,0,0,0,0,0,0,0,0,0,0,0,0,0,0,0,0,0,0,0,0,0,0,0,0,0
9,24,2,6,4.83818770226537,1,5,9,13,12,0,1,1,1,0,0,0,0,0,0,2.49,2.5,2.5,2.5,3.39704926519004,6.19,3.29,2.59,2.49,3.19,0,0,0,0,0,0,0,0,0,0,0,0,0,0,0,0,0,0,0,0,0,0,0,0,0,0,0,0,0,0,0,0,0,0,0,0,0,0,0,0,0,0,0,0,0,0,0,0,0,0,0,0,0,0,0,0,0,0,0,0
8,2,3,6,4.83818770226537,3.05604719764012,5,5,12,39,0,0,1,1,0,0,0,0,0,1,2.49,3.29,3.03,2.9,3.39704926519004,6.54163365641242,3.29,2.59,2.49,2.14897435897436,0,0,0,0,0,0,0,0,0,0,0,0,0,0,0,0,0,0,0,1,0,0,0,0,0,0,0,0,0,0,0,0,0,0,0,0,0,0,0,0,0,0,0,0,0,0,0,0,0,0,0,0,0,0,0,0,0,0,0,0
13,6,5,2,3,2,14,8,6,45,0,0,1,0,0,0,1,0,0,1,2.49,3.29,3.29,3.29,3.89,6.19,2.56,2.59,2.49,2.12822222222222,0,0,0,0,0,0,0,0,0,0,0,0,0,0,0,0,0,0,0,1,0,0,0,0,0,0,0,0,0,0,1,1,1,1,1,0,0,0,1,0,0,0,0,0,0,0,0,0,0,0,0,0,0,0,0,0,0,0,0,0
8,11,3,4,3,8,16,4,13,52,0,0,1,0,0,0,1,0,0,1,2.49,3.29,3.29,3.29,3.89,6.19,2.4,2.59,2.49,2.11038461538462,0,0,0,0,0,0,0,0,0,0,0,0,0,0,0,0,0,0,0,1,0,0,0,0,0,0,0,0,0,0,1,1,1,1,1,0,0,0,1,0,0,0,0,0,0,0,0,0,0,0,0,0,0,0,0,0,0,0,0,0
6,7,3,2,3,3,6,5,4,48,0,0,1,0,0,0,1,0,0,1,2.49,3.19,3.26,3.19,3.89,6.19,2.9,2.59,2.49,1.993125,0,0,0,0,0,0,0,0,0,0,0,0,0,0,0,0,0,0,0,1,0,0,0,0,0,0,0,0,0,0,1,1,1,1,1,0,0,0,1,0,0,0,0,0,0,0,0,0,0,1,0,0,0,0,0,0,0,0,0,0
12,4,1,3,4.83818770226537,1,3,13,5,53,0,0,1,0,0,0,0,0,0,1,2.49,3.22,3.19,3.19,3.39704926519004,6.19,3.29,2.59,2.49,2.07490566037736,0,0,0,0,0,0,0,0,0,0,0,0,0,0,0,0,0,0,0,1,0,0,0,0,0,0,0,0,0,0,1,1,1,1,0,0,0,0,1,0,0,0,0,0,0,0,0,0,0,1,0,0,0,0,0,0,0,0,0,0
1,6,1,2,2,1,10,4,8,21,0,0,0,0,0,0,0,0,0,1,2.49,3.29,3.29,3.29,3.89,6.19,3.29,2.59,2.49,2.10142857142857,0,0,0,0,0,0,0,0,0,0,0,0,0,0,0,0,0,0,0,0,0,0,0,0,0,0,0,0,0,0,0,0,0,0,0,0,0,0,0,0,0,0,0,0,0,0,0,0,0,0,0,0,0,0,0,0,0,0,0,0
5,1,3,1,2,2,6,2,8,5,0,0,0,0,0,0,0,0,0,0,2.49,3.29,3.29,3.29,3.89,6.19,3.29,2.59,2.49,3.61,0,0,0,0,0,0,0,0,0,0,0,0,0,0,0,0,0,0,0,0,0,0,0,0,0,0,0,0,0,0,0,0,0,0,0,0,0,0,0,0,0,0,0,0,0,0,0,0,0,0,0,0,0,0,0,0,0,0,0,0
8,3,1,2,8,2,8,7,5,1,0,0,0,0,1,0,0,0,0,0,2.49,3.29,3.29,3.29,3.2,6.19,3.29,2.59,2.49,2.49,0,0,0,0,0,0,0,0,0,0,0,0,0,0,0,0,0,0,0,0,0,0,0,0,0,0,0,0,0,0,0,0,0,0,0,0,0,0,0,0,0,0,0,0,0,0,0,0,0,0,0,0,0,0,0,0,0,0,0,0
5,6,2,2,11,2,8,6,7,4,0,0,0,0,1,0,0,0,0,0,2.49,3.29,3.29,3.29,2.5,6.19,3.29,2.49,2.49,3.89,0,0,0,0,0,0,0,0,0,0,0,0,0,0,0,0,0,0,0,0,0,0,0,0,0,0,0,0,0,0,0,0,0,0,0,0,0,0,0,0,0,0,0,0,0,0,0,0,0,0,0,0,0,0,0,0,0,0,0,0
9,3,2,1,8,5,4,5,7,6,0,0,0,0,1,0,0,0,0,0,2.49,3.29,3.29,3.29,2.5,6.19,3.29,2.49,2.49,2.95666666666667,0,0,0,0,0,0,0,0,0,0,0,0,0,0,0,0,0,0,0,0,0,0,0,0,0,0,0,0,0,0,0,0,0,0,0,0,0,0,0,0,0,0,0,0,0,0,0,0,0,1,0,0,0,0,0,0,0,0,0,0
8,8,1,2.63870967741935,4,7,3,3,6,17,0,0,0,0,0,0,0,0,0,0,2.49,3.29,3.29,3.29342012288787,3.89,6.19,3.29,2.59,2.49,2.90176470588235,0,0,0,0,0,0,0,0,0,0,0,0,0,0,0,0,0,0,0,0,0,0,0,0,0,0,0,0,0,0,0,0,0,0,0,0,0,0,0,0,0,0,0,0,0,0,0,0,0,1,0,0,0,0,0,0,0,0,0,0
10,6,5,1,5,2,7,2,6,12,0,0,0,0,0,0,0,0,0,0,2.49,3.29,3.29,3.29,3.89,6.19,3.29,2.59,2.49,2.84,0,0,0,0,0,0,0,0,0,0,0,0,0,0,0,0,0,0,0,0,0,0,0,0,0,0,0,0,0,0,0,0,0,0,0,0,0,0,0,0,0,0,0,0,0,0,0,0,0,1,0,0,0,0,0,0,0,0,0,0
9,3,2,2,4,4,6,4,6,21,0,0,0,0,0,0,0,0,0,1,2.49,3.19,3.24,3.19,3.89,6.19,3.29,2.59,2.49,2.91857142857143,0,0,0,0,0,0,0,0,0,0,0,0,0,0,0,0,0,0,0,0,0,0,0,0,0,0,0,0,0,0,0,0,0,0,0,0,0,0,0,0,0,0,0,0,0,0,0,0,0,0,0,0,0,0,0,0,0,0,0,0
6,11,2,1,4.83818770226537,2,4,11,9,17,0,0,0,0,0,0,0,0,0,1,2.49,3.19,3.19,3.19,3.39704926519004,6.19,3.29,2.59,2.49,2.69176470588235,0,0,0,0,0,0,0,0,0,0,0,0,0,0,0,0,0,0,0,0,0,0,0,0,0,0,0,0,0,0,0,0,0,0,0,0,0,0,0,0,0,0,0,0,0,0,0,0,0,0,0,0,0,0,0,0,0,0,0,0
6,2,1,3,4,5,4,3,6,20,0,0,0,0,0,0,0,0,0,1,2.49,3.29,3.29,3.26,3.89,6.19,3.29,2.59,2.49,2.201,0,0,0,0,0,0,0,0,0,0,0,0,0,0,0,0,0,0,0,0,0,0,0,0,0,0,0,0,0,0,0,0,0,0,0,0,0,0,0,0,0,0,0,0,0,0,0,0,0,0,0,0,0,0,0,0,0,0,0,0
5,5,2,1,4,1,1,2,9,8,0,0,0,0,0,0,0,0,0,1,2.49,3.29,3.29,3.29,3.89,6.19,3.29,2.59,2.49,3.09,0,0,0,0,0,0,0,0,0,0,0,0,0,0,0,0,0,0,0,0,0,0,0,0,0,0,0,0,0,0,0,0,0,0,0,0,0,0,0,0,0,0,0,0,0,0,0,0,0,0,0,0,0,0,0,0,0,0,0,0
2,4,1,2,9,3,8,8,7,12,0,0,0,0,1,0,0,0,0,1,2.49,3.29,3.29,3.29,2.16,6.19,3.29,2.59,2.49,3.22333333333333,0,0,0,0,0,0,0,0,0,0,0,0,0,0,0,0,0,0,0,0,0,0,0,0,0,0,0,0,0,0,0,0,0,0,0,0,0,0,0,0,0,0,0,0,0,0,0,0,0,1,0,0,0,0,0,0,0,0,0,0
3,3,1,1,12,2,5,3,8,2,0,0,0,0,1,0,0,0,0,1,2.49,3.29,3.29,3.29,1.94,6.19,3.29,2.59,2.49,3.29,0,0,0,0,0,0,0,0,0,0,0,0,0,0,0,0,0,0,0,0,0,0,0,0,0,0,0,0,0,0,0,0,0,0,0,0,0,0,0,0,0,0,0,0,0,0,0,0,0,0,0,0,0,0,0,0,0,0,0,0
9,2,1,4,5,3,6,7,3,4,0,0,0,0,1,0,0,0,0,1,2.49,3.29,3.29,3.29,3.11,6.19,3.29,2.49,2.49,3.29,0,0,0,0,0,0,0,0,0,0,0,0,0,0,0,0,0,0,0,0,0,0,0,0,0,0,0,0,0,0,0,0,0,0,0,0,0,0,0,0,0,0,0,0,0,0,0,0,0,0,0,0,0,0,0,0,0,0,0,0
8,7,4,2.63870967741935,7,3.05604719764012,4,11,7,1,0,0,0,0,0,0,0,0,0,0,2.49,3.29,3.29,3.29342012288787,3.89,6.54163365641242,3.29,2.49,2.49,3.29,0,0,0,0,0,0,0,0,0,0,0,0,0,0,0,0,0,0,0,0,0,0,0,0,0,0,0,0,0,0,0,0,0,0,0,0,0,0,0,0,0,0,0,0,0,0,0,0,0,0,0,0,0,0,0,0,0,0,0,0
7,10,2,2,7,7,6,4,8,6,0,0,0,0,0,0,0,0,0,0,2.49,3.29,3.29,3.29,3.89,6.19,3.29,2.56,2.49,3.29,0,0,0,0,0,0,0,0,0,0,0,0,0,0,0,0,0,0,0,0,0,0,0,0,0,0,0,0,0,0,0,0,0,0,0,0,0,0,0,0,0,0,0,0,0,0,0,0,0,0,0,0,0,0,0,0,0,0,0,0
5,2,3,4,3,2,5,4,2,33,0,0,0,0,0,0,0,0,0,1,2.49,3.29,3.29,3.29,3.89,6.19,3.29,2.59,2.49,2.07636363636364,0,0,0,0,0,0,0,0,0,0,0,0,0,0,0,0,0,0,0,1,0,0,0,0,0,0,0,0,0,0,0,0,0,0,0,0,0,0,0,0,0,0,0,0,0,0,0,0,0,0,0,0,0,0,0,0,0,0,0,0
9,6,1,2.63870967741935,3,4,5,6,5,20,0,0,0,0,0,0,0,0,0,1,2.49,3.29,3.29,3.29342012288787,3.89,6.19,3.29,2.59,2.49,2.325,0,0,0,0,0,0,0,0,0,0,0,0,0,0,0,0,0,0,0,1,0,0,0,0,0,0,0,0,0,0,0,0,0,0,0,0,0,0,0,0,0,0,0,0,0,0,0,0,0,0,0,0,0,0,0,0,0,0,0,0
4,2,1,5,8,5,7,6,7,2,0,0,0,0,0,0,0,0,0,1,2.49,3.29,3.29,3.29,3.89,6.19,3.29,2.59,2.49,2.64,0,0,0,0,0,0,0,0,0,0,0,0,0,0,0,0,0,0,0,1,0,0,0,0,0,0,0,0,0,0,0,0,0,0,0,0,0,0,0,0,0,0,0,0,0,0,0,0,0,0,0,0,0,0,0,0,0,0,0,0
5,3,3,2,3,5,7,3,7,23,0,0,0,0,0,0,0,0,0,1,2.49,3.29,3.29,3.29,3.89,6.19,3.29,2.59,2.49,1.85913043478261,0,0,0,0,0,0,0,0,0,0,0,0,0,0,0,0,0,0,0,1,0,0,0,0,0,0,0,0,0,0,0,0,0,0,0,0,0,0,0,0,0,0,0,0,0,0,0,0,0,0,0,0,0,0,0,0,0,0,0,0
5,5,2,1,2,5,2,6,5,51,0,0,0,0,0,0,0,0,0,1,2.49,3.29,3.29,3.29,3.89,6.19,3.29,2.59,2.49,1.67294117647059,0,0,0,0,0,0,0,0,0,0,0,0,0,0,0,0,0,0,0,1,0,0,0,0,0,0,0,0,0,0,0,0,0,0,0,0,0,0,0,1,0,0,0,0,0,0,0,0,0,0,0,0,0,0,0,0,0,0,0,0
9,2,2,1,4,5,6,4,7,42,0,0,0,0,0,0,0,0,0,1,2.49,3.29,3.29,3.29,3.89,6.19,3.29,2.59,2.49,1.72047619047619,0,0,0,0,0,0,0,0,0,0,0,0,0,0,0,0,0,0,0,1,0,0,0,0,0,0,0,0,0,0,0,0,0,0,0,0,0,0,0,0,0,0,0,0,0,0,0,0,0,0,0,0,0,0,0,0,0,0,0,0
6,5.0932944606414,2.37209302325581,1,9,2,6,4,6,10,0,0,0,0,1,0,1,0,0,1,2.49,3.30407825443102,3.31025276854928,3.29,2.42,6.19,2.64,2.59,2.49,1.97,0,0,0,0,0,0,0,0,0,0,0,0,0,0,0,0,0,0,0,0,0,0,0,0,0,0,0,0,0,0,0,0,0,0,0,0,0,0,0,0,0,0,0,0,0,0,0,0,0,0,0,0,0,0,0,0,0,0,0,0
6,2,2.37209302325581,1,11,3,12,6,4,5,0,0,0,0,1,0,1,0,0,0,2.49,3.29,3.31025276854928,3.29,2,6.19,2,2.59,2.49,3.29,0,0,0,0,0,0,0,0,0,0,0,0,0,0,0,0,0,0,0,0,0,0,0,0,0,0,0,0,0,0,0,0,0,0,0,0,0,0,0,0,0,0,0,0,0,0,0,0,0,0,0,0,0,0,0,0,0,0,0,0
8,2,2.37209302325581,2.63870967741935,5,1,8,3,4,41,0,0,0,0,1,0,1,0,0,1,2.49,3.29,3.31025276854928,3.29342012288787,2,6.19,2.48,2.59,2.49,2.00170731707317,0,0,0,0,0,0,0,0,0,0,0,0,0,0,0,0,0,0,0,1,0,0,0,0,0,0,0,0,0,0,0,0,0,0,0,0,0,0,0,1,0,0,0,0,0,0,0,0,0,0,0,0,0,0,0,0,0,0,0,0
4,4,1,1,4,3,3,6,3,33,0,0,0,0,0,0,0,0,0,1,2.49,3.29,3.29,3.29,3.89,6.19,3.32,2.59,2.49,1.79636363636364,0,0,0,0,0,0,0,0,0,0,0,0,0,0,0,0,0,0,0,1,0,0,0,0,0,0,0,0,0,0,0,0,0,0,0,0,0,0,0,0,0,0,0,0,0,0,0,0,0,0,0,0,0,0,0,0,0,0,0,0
9,3,2.37209302325581,3,5,2,8.53443526170799,6,7,16,0,0,0,0,0,0,0,0,0,1,2.49,3.29,3.31025276854928,3.29,3.89,6.19,3.28223601207774,2.59,2.49,2.26,0,0,0,0,0,0,0,0,0,0,0,0,0,0,0,0,0,0,0,0,0,0,0,0,0,0,0,0,0,0,0,0,0,0,0,0,0,0,0,0,0,0,0,0,0,0,0,0,0,0,0,0,0,0,0,0,0,0,0,0
5,1,2.37209302325581,1,4,3,6,6,4,5,0,0,0,0,0,0,0,1,0,0,2.49,3.29,3.31025276854928,3.29,3.89,6.19,3.39,2.39,2.49,3.29,0,0,0,0,0,0,0,0,0,0,0,0,0,0,0,0,0,0,0,0,0,0,0,0,0,0,0,0,0,0,0,0,0,0,0,0,0,0,0,0,0,0,0,0,0,0,0,0,0,0,0,0,0,0,0,0,0,0,0,0
1,2,2.37209302325581,1,11,3.05604719764012,3,11,5,9,0,0,0,0,1,0,0,1,0,1,2.49,3.22,3.31025276854928,3.14,2.17,6.54163365641242,3.39,2.39,2.49,2.85888888888889,0,0,0,0,0,0,0,0,0,0,0,0,0,0,0,0,0,0,0,0,0,0,0,0,0,0,0,0,0,0,0,0,0,0,0,0,0,0,0,0,0,0,0,0,0,0,0,0,0,0,0,0,0,0,0,0,0,0,0,0
8,4,1,1,12,4,8,7,5,11,0,0,0,0,1,0,0,0,0,1,2.49,3.14,3.14,3.14,2,6.19,3.39,2.45,2.49,2,0,0,0,0,0,0,0,0,0,0,0,0,0,0,0,0,0,0,0,0,0,0,0,0,0,0,0,0,0,0,0,0,0,0,0,0,0,0,0,0,0,0,0,0,0,0,0,0,0,0,0,0,0,0,0,0,0,0,0,0
7,4,1,2,4,3,6,3,4,35,0,0,0,0,1,0,1,0,0,1,2.49,3.18,3.29,3.22,3.42,6.19,2.7,2.59,2.49,1.76142857142857,0,0,0,0,0,0,0,0,0,0,0,0,0,0,0,0,0,0,0,1,0,0,0,0,0,0,0,0,0,0,0,0,0,0,0,0,0,0,0,1,0,0,0,0,0,0,0,0,0,0,0,0,0,0,0,0,0,0,0,0
6,2,1,1,1,4,14,7,4,41,0,0,0,0,0,0,1,0,0,1,2.49,3.29,3.29,3.29,3.89,6.19,2,2.59,2.49,1.83439024390244,0,0,0,0,0,0,0,0,0,0,0,0,0,0,0,0,0,0,0,1,0,0,0,0,0,0,0,0,0,0,0,0,0,0,0,0,0,0,0,0,0,0,0,0,0,0,0,0,0,0,0,0,0,0,0,0,0,0,0,0
5,4,1,2,17,3,13,3,4,27,0,0,0,0,1,0,1,0,0,1,2.49,3.29,3.29,3.29,2,6.19,2.86,2.59,2.49,1.78222222222222,0,0,0,0,0,0,0,0,0,0,0,0,0,0,0,0,0,0,0,0,0,0,0,0,0,0,0,0,0,0,0,0,0,0,0,0,0,0,0,0,0,0,0,0,1,0,0,0,0,0,0,0,0,0,0,0,0,0,0,0
9,4,1,1,12,2,3,4,1,6,0,0,0,0,1,0,0,0,0,1,2.49,3.29,3.29,3.29,2,6.19,3.39,2.59,2.49,2,0,0,0,0,0,0,0,0,0,0,0,0,0,0,0,0,0,0,0,0,0,0,0,0,0,0,0,0,0,0,0,0,0,0,0,0,0,0,0,0,0,0,0,0,0,0,0,0,0,0,0,0,0,0,0,0,0,0,0,0
4,3,2.37209302325581,1,7,5,1,3,7,5,0,0,0,0,1,0,0,0,0,0,2.49,3.29,3.31025276854928,3.29,2.81,6.19,3.39,2.59,2.49,2.278,0,0,0,0,0,0,0,0,0,0,0,0,0,0,0,0,0,0,0,0,0,0,0,0,0,0,0,0,0,0,0,0,0,0,0,0,0,0,0,0,0,0,0,0,0,0,0,0,0,0,0,0,0,0,0,0,0,0,0,0
2,1,3,1,3,2,7,6,11,4,0,0,0,0,0,0,0,1,0,0,2.49,3.29,3.29,3.29,3.89,6.19,3.39,2.39,2.49,3.165,0,0,0,0,0,0,0,0,0,0,0,0,0,0,0,0,0,0,0,0,0,0,0,0,0,0,0,0,0,0,0,0,0,0,0,0,0,0,0,0,0,0,0,0,0,0,0,0,0,0,0,0,0,0,0,0,0,0,0,0
5,4,1,2.63870967741935,5,3,4,7,5,3,0,0,0,0,0,0,0,1,0,0,2.49,3.29,3.29,3.29342012288787,3.89,6.19,3.39,2.39,2.49,3.29,0,0,0,0,0,0,0,0,0,0,0,0,0,0,0,0,0,0,0,0,0,0,0,0,0,0,0,0,0,0,0,0,0,0,0,0,0,0,0,0,0,0,0,0,0,0,0,0,0,0,0,0,0,0,0,0,0,0,0,0
4,4,2.37209302325581,1,12,1,11,4,1,5,0,0,0,0,1,0,0,1,0,0,2.49,3.29,3.31025276854928,3.29,1.94,6.19,3.39,2.39,2.49,3.33,0,0,0,0,0,0,0,0,0,0,0,0,0,0,0,0,0,0,0,0,0,0,0,0,0,0,0,0,0,0,0,0,0,0,0,0,0,0,0,0,0,0,0,0,0,0,0,0,0,0,0,0,0,0,0,0,0,0,0,0
5.06197183098592,4,1,3,5,2,12,6,10,12,0,0,0,0,1,0,0,0,0,0,2.78814084507042,3.29,3.29,3.29,1.56,6.19,3.39,2.59,2.49,3.34,0,0,0,0,0,0,0,0,0,0,0,0,0,0,0,0,0,0,0,0,0,0,0,0,0,0,0,0,0,0,0,0,0,0,0,0,0,0,0,0,0,0,0,0,0,0,0,0,0,0,0,0,0,0,0,0,0,0,0,0
5,2,2,2.63870967741935,7,3.05604719764012,16,4,7,1,0,0,0,0,1,0,1,0,0,0,2.49,3.29,3.29,3.29342012288787,2.78,6.54163365641242,2.61,2.59,2.49,3.39,0,0,0,0,0,0,0,0,0,0,0,0,0,0,0,0,0,0,0,0,0,0,0,0,0,0,0,0,0,0,0,0,0,0,0,0,0,0,0,0,0,0,0,0,0,0,0,0,0,0,0,0,0,0,0,0,0,0,0,0
5,1,4,1,7,5,25,3,4,2,0,0,0,0,0,0,1,0,0,0,2.49,3.29,3.29,3.29,3.89,6.19,2.5,2.59,2.49,3.24,0,0,0,0,0,0,0,0,0,0,0,0,0,0,0,0,1,0,0,0,0,0,0,0,0,0,0,0,0,0,0,0,0,0,0,0,0,0,0,0,0,0,0,0,0,0,0,0,0,0,0,0,0,0,0,0,0,0,0,0
11,4,1,2.63870967741935,5,4,19,6,5,66,0,0,0,0,0,0,1,0,0,1,2.49,3.29,3.29,3.29342012288787,3.89,6.19,2.69,2.59,2.49,1.95,0,0,0,0,0,0,0,0,0,0,0,0,0,0,0,0,0,0,0,1,0,0,0,0,0,0,0,0,0,0,0,0,0,0,0,0,0,0,0,1,0,0,0,0,0,0,0,0,0,0,0,0,0,0,0,0,0,0,0,0
3,4,2,1,5,4,12,6,3,63,0,0,0,0,0,0,0,0,0,1,2.49,3.29,3.29,3.29,3.89,6.19,3.39,2.59,2.49,1.92809523809524,0,0,0,0,0,0,0,0,0,0,0,0,0,0,0,0,0,0,0,1,0,0,0,0,0,0,0,0,0,0,0,0,0,0,0,0,0,0,0,0,0,0,0,0,0,0,0,0,0,0,0,0,0,0,0,0,0,0,0,0
4,10,8,2.63870967741935,1,2,12,3,10,49,0,0,0,0,0,0,0,0,0,1,2.49,3.29,3.29,3.29342012288787,3.89,6.19,3.39,2.59,2.49,2.00265306122449,0,0,0,0,0,0,0,0,0,0,0,0,0,0,0,0,0,0,0,1,0,0,0,0,0,0,0,0,0,0,0,0,0,0,0,0,0,0,0,1,0,0,0,0,0,0,0,0,0,0,0,0,0,0,0,0,0,0,0,0
6,3,2,1,14,2,10,2,3,15,0,0,0,0,1,0,0,0,0,1,2.49,3.29,3.29,3.29,2.22,6.19,3.39,2.59,2.49,1.96266666666667,0,0,0,0,0,0,0,0,0,0,0,0,0,0,0,0,0,0,0,0,0,0,0,0,0,0,0,0,0,0,0,0,0,0,0,0,0,0,0,0,0,0,0,0,1,0,0,0,0,0,0,0,0,0,0,0,0,0,0,0
5,3,3,1,18,2,10,6,7,11,0,0,0,0,1,0,0,0,0,1,2.49,3.29,3.29,3.29,2.16,6.19,3.39,2.59,2.49,3.11727272727273,0,0,0,0,0,0,0,0,0,0,0,0,0,0,0,0,0,0,0,0,0,0,0,0,0,0,0,0,0,0,0,0,0,0,0,0,0,0,0,0,0,0,0,0,0,0,0,0,0,0,0,0,0,0,0,0,0,0,0,0
5,7,1,1,7,6,10,5,16,3,0,0,0,0,1,0,0,0,0,0,2.49,3.18,3.14,3.14,2.78,6.19,3.39,2.59,2.49,3.29,0,0,0,0,0,0,0,0,0,0,0,0,0,0,0,0,0,0,0,0,0,0,0,0,0,0,0,0,0,0,0,0,0,0,0,0,0,0,0,0,0,0,0,0,0,0,0,0,0,0,0,0,0,0,0,0,0,0,0,0
7,6,1,4,3,3.05604719764012,8,5,5,1,0,0,0,0,0,0,0,0,0,0,2.49,3.14,3.14,3.14,3.89,6.54163365641242,3.39,2.59,2.49,3.39,0,0,0,0,0,0,0,0,0,0,0,0,0,0,0,0,0,0,0,0,0,0,0,0,0,0,0,0,0,0,0,0,0,0,0,0,0,0,0,0,0,0,0,0,0,0,0,0,0,0,0,0,0,0,0,0,0,0,0,0
11,5,1,1,4.83818770226537,1,10,5,5,18,0,0,0,0,0,0,0,0,0,1,2.49,3.26,3.29,3.29,3.39704926519004,6.19,3.39,2.59,2.49,1.88,0,0,0,0,0,0,0,0,0,0,0,0,0,0,0,0,0,0,0,1,0,0,0,0,0,0,0,0,0,0,0,0,0,0,0,0,0,0,0,0,0,0,0,0,0,0,0,0,0,1,0,0,0,0,0,0,0,0,0,0
7,5,1,2.63870967741935,5,3,18,2,10,40,0,0,0,0,0,0,0,0,0,1,2.49,3.29,3.29,3.29342012288787,3.89,6.19,3.39,2.59,2.49,1.78,0,0,0,0,0,0,0,0,0,0,0,0,0,0,0,0,0,0,0,1,0,0,0,0,0,0,0,0,0,0,0,0,0,0,0,0,0,0,0,0,0,0,0,0,0,0,0,0,0,0,0,0,0,0,0,0,0,0,0,0
6,5,2.37209302325581,3,6,3,7,5,4,39,0,0,0,0,0,0,0,0,0,1,2.49,3.29,3.31025276854928,3.29,3.89,6.19,3.39,2.59,2.49,2.42846153846154,0,0,0,0,0,0,0,0,0,0,0,0,0,0,0,0,0,0,0,1,0,0,0,0,0,0,0,0,0,0,0,0,0,0,0,0,0,0,0,1,0,0,0,0,0,0,0,0,0,0,0,0,0,0,0,0,0,0,0,0
6,6,2,2.63870967741935,7,1,6,6,9,21,0,0,0,0,0,0,0,0,0,1,2.49,3.29,3.29,3.29342012288787,3.89,6.19,3.39,2.59,2.49,2.43666666666667,0,0,0,0,0,0,0,0,0,0,0,0,0,0,0,0,0,0,0,1,0,0,0,0,0,0,0,0,0,0,0,0,0,0,0,0,0,0,0,0,0,0,0,0,0,0,0,0,0,0,0,0,0,0,0,0,0,0,0,0
5,5,1,2,11,7,8,2,2,6,0,0,0,0,1,0,0,0,0,1,2.49,3.29,3.29,3.29,2.34,6.19,3.39,2.59,2.49,2.52666666666667,0,0,0,0,0,0,0,0,0,0,0,0,0,0,0,0,0,0,0,0,0,0,0,0,0,0,0,0,0,0,0,0,0,0,0,0,0,0,0,0,1,1,1,1,1,0,0,0,1,0,0,0,0,0,0,0,0,0,0,0
3,3,1,1,2,3,6,4,4,7,0,0,0,0,1,0,0,0,0,0,2.49,3.36,3.39,3.39,2,6.19,3.39,2.59,2.49,3.34714285714286,0,0,0,0,0,0,0,0,0,0,0,0,0,0,0,0,0,0,0,0,0,0,0,0,0,0,0,0,0,0,0,0,0,0,0,0,0,0,0,0,1,1,1,1,1,0,0,0,1,0,0,0,0,0,0,0,0,0,0,0
9,7,2.37209302325581,2.63870967741935,13,6,13,4,7,8,0,0,0,0,1,0,0,1,0,0,2.49,3.39,3.31025276854928,3.29342012288787,2,6.19,3.39,2.39,2.49,3.24,0,0,0,0,0,0,0,0,0,0,0,0,0,0,0,0,0,0,0,0,0,0,0,0,0,0,0,0,0,0,0,0,0,0,0,0,0,0,0,0,0,0,0,0,0,0,0,0,0,0,0,0,0,0,0,0,0,0,0,0
7,8,1,2.63870967741935,7,4,10,8,5,4,0,1,0,0,1,0,0,1,0,0,2.49,2.61,3.39,3.29342012288787,3.08,6.19,3.39,2.39,2.49,3.39,0,0,0,0,0,0,0,0,0,0,0,0,0,0,0,0,0,0,0,0,0,0,0,0,0,0,0,0,0,0,0,0,0,0,0,0,0,0,0,0,1,1,1,0,1,0,0,0,1,0,0,0,0,0,0,0,0,0,0,0
6,9,2.37209302325581,1,2,3,6,4,11,4,0,1,0,1,0,0,0,1,0,0,2.49,2.5,3.31025276854928,2.5,3.89,6.19,3.39,2.49,2.49,3.39,0,0,0,0,0,0,0,0,0,0,0,0,0,0,0,0,0,0,0,0,0,0,0,0,0,0,0,0,0,0,0,0,0,0,0,0,0,0,0,0,0,0,0,0,0,0,0,0,0,0,0,0,0,0,0,0,0,0,0,0
3,6,2,2.63870967741935,1,4,6,1,7,31,0,1,0,0,0,0,0,0,0,1,2.49,3.24,3.39,3.29342012288787,3.89,6.19,3.39,2.59,2.49,2.15967741935484,0,0,0,0,0,0,0,0,0,0,0,0,0,0,0,0,0,0,0,1,0,0,0,0,0,0,0,0,0,0,0,0,0,0,0,0,0,0,0,1,0,0,0,0,0,0,0,0,0,0,0,0,0,0,0,0,0,0,0,0
5,3,4,3,3,2,12,5,4,59,0,0,0,0,0,0,0,0,0,1,2.49,3.39,3.39,3.39,3.89,6.19,3.39,2.59,2.49,1.82220338983051,0,0,0,0,0,0,0,0,0,0,0,0,0,0,0,0,0,0,0,1,0,0,0,0,0,0,0,0,0,0,0,0,0,0,0,0,0,0,0,0,0,0,0,0,0,0,0,0,0,0,0,0,0,0,0,0,0,0,0,0
3,1,2,2.63870967741935,2,3.05604719764012,4,7,5,28,0,0,0,0,0,0,0,0,0,1,2.49,3.39,3.39,3.29342012288787,3.89,6.54163365641242,3.39,2.59,2.49,1.97,0,0,0,0,0,0,0,0,0,0,0,0,0,0,0,0,0,0,0,1,0,0,0,0,0,0,0,0,0,0,0,0,0,0,0,0,0,0,0,0,0,0,0,0,0,0,0,0,0,1,0,0,0,0,0,0,0,0,0,0
6,9,2,4,4,6,2,7,13,17,0,0,0,0,0,0,0,0,0,1,2.49,3.39,3.39,3.39,3.89,6.19,3.39,2.59,2.49,2.07176470588235,0,0,0,0,0,0,0,0,0,0,0,0,0,0,0,0,0,0,0,1,0,0,0,0,0,0,0,0,0,0,0,0,0,0,0,0,0,0,0,0,0,0,0,0,0,0,0,0,0,0,0,0,0,0,0,0,0,0,0,0
1,5,2.37209302325581,3,7,8,9,6,7,35,0,0,0,0,0,0,0,0,0,1,2.49,3.39,3.31025276854928,3.39,3.89,6.19,3.39,2.59,2.49,2.00514285714286,0,0,0,0,0,0,0,0,0,0,0,0,0,0,0,0,0,0,0,1,0,0,0,0,0,0,0,0,0,0,0,0,0,0,0,0,0,0,0,1,0,0,0,0,0,0,0,0,0,0,0,0,0,0,0,0,0,0,0,0
2,3,4,1,6,3,5,4,7,43,0,0,0,0,0,0,0,0,0,1,2.49,3.39,3.39,3.39,3.89,6.19,3.39,2.59,2.49,1.73232558139535,0,0,0,0,0,0,0,0,0,0,0,0,0,0,0,0,0,0,0,1,0,0,0,0,0,0,0,0,0,0,0,0,0,0,0,0,0,0,0,0,0,0,0,0,0,0,0,0,0,0,0,0,0,0,0,0,0,0,0,0
3,5,1,2,12,5,3,6,4,13,0,0,0,0,1,0,0,1,0,1,2.49,3.39,3.39,3.39,2.27,6.19,3.39,2.42,2.49,1.3,0,0,0,0,0,0,0,0,0,0,0,0,0,0,0,0,0,0,0,0,0,0,0,0,0,0,0,0,0,0,0,0,0,0,0,0,0,0,0,0,1,1,1,1,1,0,0,0,1,0,0,0,0,0,0,0,0,0,0,0
6,4,2,1,16,8,14,3,3,5,0,0,0,0,1,0,0,1,0,0,2.49,3.39,3.39,3.39,2.43,6.19,3.39,2.39,2.49,3.27,0,0,0,0,0,0,0,0,0,0,0,0,0,0,0,0,0,0,0,0,0,0,0,0,0,0,0,0,0,0,0,0,0,0,0,0,0,0,0,0,1,1,1,1,1,0,0,0,1,0,0,0,0,0,0,0,0,0,0,0
5,2,2.37209302325581,2.63870967741935,7,4,9,6,5,2,0,0,0,0,1,0,0,0,0,0,2.49,3.39,3.31025276854928,3.29342012288787,2.78,6.19,3.39,2.59,2.49,3.39,0,0,0,0,0,0,0,0,0,0,0,0,0,0,0,0,0,0,0,0,0,0,0,0,0,0,0,0,0,0,0,0,0,0,0,0,0,0,0,0,0,0,0,0,0,0,0,0,0,0,0,0,0,0,0,0,0,0,0,0
5,2,3,1,4,2,5,2,7,1,0,0,0,0,0,0,0,0,0,0,2.49,3.39,3.39,3.39,3.89,6.19,3.39,2.59,2.49,3.39,0,0,0,0,0,0,0,0,0,0,0,0,0,0,0,0,0,0,0,0,0,0,0,0,0,0,0,0,0,0,0,0,0,0,0,0,0,0,0,0,0,0,0,0,0,0,0,0,0,0,0,0,0,0,0,0,0,0,0,0
6,2,2.37209302325581,2.63870967741935,3,2,8,8,12,39,0,0,0,0,0,0,0,0,0,1,2.49,3.39,3.31025276854928,3.29342012288787,3.89,6.19,3.39,2.59,2.49,1.87846153846154,0,0,0,0,0,0,0,0,0,0,0,0,0,0,0,0,0,0,0,0,0,0,0,0,0,0,0,0,0,0,0,0,0,0,0,0,0,0,0,1,0,0,0,0,0,0,0,0,0,0,0,0,0,0,0,0,0,0,0,0
4,3,2,2,4,10,3,8,6,11,0,0,0,0,0,0,0,0,0,0,2.49,3.39,3.39,3.39,3.89,6.19,3.39,2.59,2.49,3.30818181818182,0,0,0,0,0,0,0,0,0,0,0,0,0,0,0,0,0,0,0,1,0,0,0,0,0,0,0,0,0,0,0,0,0,0,0,0,0,0,0,0,0,0,0,0,0,0,0,0,0,0,0,0,0,0,0,0,0,0,0,0
4,3,2.37209302325581,2.63870967741935,14,2,6,6,4,5,0,0,0,0,1,0,1,0,0,0,2.49,3.39,3.31025276854928,3.29342012288787,1.94,6.19,2.8,2.46,2.49,3.33,0,0,0,0,0,0,0,0,0,0,0,0,0,0,0,0,0,0,0,0,0,0,0,0,0,0,0,0,0,0,0,0,0,0,0,0,0,0,0,0,0,0,0,0,0,0,0,0,0,0,0,0,0,0,0,0,0,0,0,0
9,2,2.37209302325581,1,9,2,25,9,7,2,0,0,0,0,1,0,1,1,0,0,2.49,3.39,3.31025276854928,3.39,2.16,6.19,2.5,2.39,2.49,3.39,0,0,0,0,0,0,0,0,0,0,0,0,0,0,0,0,0,0,0,0,0,0,0,0,0,0,0,0,0,0,0,0,0,0,0,0,0,0,0,0,0,0,0,0,0,0,0,0,0,0,0,0,0,0,0,0,0,0,0,0
4,8,2.37209302325581,2.63870967741935,5,3,19,5,5,7,0,0,0,0,1,0,1,1,0,0,2.49,3.39,3.31025276854928,3.29342012288787,3.11,6.19,2.64,2.39,2.49,3.30428571428571,0,0,0,0,0,0,0,0,0,0,0,0,0,0,1,0,0,0,0,0,0,0,0,0,0,0,0,0,0,0,0,0,0,0,0,0,0,0,0,0,0,0,0,0,0,0,0,0,0,0,0,0,0,0,0,0,0,0,0,0
3,2,3,2.63870967741935,6,3.05604719764012,7,5,6,33,0,0,0,0,1,0,0,0,0,1,2.49,3.39,3.39,3.29342012288787,2.59,6.54163365641242,3.39,2.59,2.49,1.83909090909091,0,0,0,0,0,0,0,0,0,0,0,0,0,0,0,0,0,0,0,1,0,0,0,0,0,0,0,0,0,0,0,0,0,0,0,0,0,0,0,1,0,0,0,0,0,0,0,0,0,0,0,0,0,0,0,0,0,0,0,0
3,5.0932944606414,1,2,2,7,6,6,4,29,0,0,0,0,0,0,0,0,0,1,2.49,3.30407825443102,3.39,3.39,3.89,6.19,3.39,2.59,2.49,1.75,0,0,0,0,0,0,0,0,0,0,0,0,0,0,0,0,0,0,0,1,0,0,0,0,0,0,0,0,0,0,0,0,0,0,0,0,0,0,0,0,0,0,0,0,0,0,0,0,0,0,0,0,0,0,0,0,0,0,0,0
4,5,2,2.63870967741935,1,6,5,2,4,32,0,0,0,0,0,0,0,0,0,1,2.49,3.39,3.39,3.29342012288787,3.89,6.19,3.39,2.59,2.49,1.8984375,0,0,0,0,0,0,0,0,0,0,0,0,0,0,0,0,0,0,0,1,0,0,0,0,0,0,0,0,0,0,0,0,0,0,0,0,0,0,0,0,0,0,0,0,0,0,0,0,0,1,0,0,0,0,0,0,0,0,0,0
1,2,2.37209302325581,2.63870967741935,8,2,7,5,9,11,0,0,0,0,1,0,0,0,0,1,2.49,3.39,3.31025276854928,3.29342012288787,1.94,6.19,3.39,2.59,2.49,1.85,0,0,0,0,0,0,0,0,0,0,0,0,0,0,0,0,0,0,0,0,0,0,0,0,0,0,0,0,0,0,0,0,0,0,0,0,0,0,0,0,0,0,0,0,0,0,0,0,0,0,0,0,0,0,0,0,0,0,0,0
3,5.0932944606414,1,1,6,2,6,10,9,19.3267973856209,0,0,0,0,1,0,0,0,0,0,2.49,3.30407825443102,3.39,3.39,1.94,6.19,3.39,2.59,2.49,2.52230985668503,0,0,0,0,0,0,0,0,0,0,0,0,0,0,0,0,0,0,0,0,0,0,0,0,0,0,0,0,0,0,0,0,0,0,0,0,0,0,0,0,0,0,0,0,0,0,0,0,0,0,0,0,0,0,0,0,0,0,0,0
3,1,1,1,3,3,3,2,4,1,0,0,0,0,1,0,0,0,0,0,2.49,3.24,3.24,3.24,2.5,6.19,3.39,2.59,2.49,3.09,0,0,0,0,0,0,0,0,0,0,0,0,0,0,0,0,0,0,0,0,0,0,0,0,0,0,0,0,0,0,0,0,0,0,0,0,0,0,0,0,0,0,0,0,0,0,0,0,0,0,0,0,0,0,0,0,0,0,0,0
3,9,2.37209302325581,2.63870967741935,4,2,11,2,2,3,0,0,0,0,1,0,0,0,0,0,2.49,3.24,3.31025276854928,3.29342012288787,2.5,6.19,3.39,2.59,2.49,3.19,0,0,0,0,0,0,0,0,0,0,0,0,0,0,0,0,0,0,0,0,0,0,0,0,0,0,0,0,0,0,0,0,0,0,0,0,0,0,0,0,0,0,0,0,0,0,0,0,0,0,0,0,0,0,0,0,0,0,0,0
4,1,2.37209302325581,1,2,2,8,6,2,24,0,0,0,0,1,0,1,0,0,1,2.49,3.39,3.31025276854928,3.39,2.5,6.19,2.5,2.59,2.49,1.825,0,0,0,0,0,0,0,0,0,0,0,0,0,0,0,0,0,0,0,1,0,0,0,0,0,0,0,0,0,0,0,0,0,0,0,0,0,0,0,0,0,0,0,0,0,0,0,0,0,0,0,0,0,0,0,0,0,0,0,0
3,2,1,2.63870967741935,3,1,23,4,5,29,0,0,0,0,0,0,1,0,0,1,2.49,3.39,3.39,3.29342012288787,3.89,6.19,2.5,2.59,2.49,1.62241379310345,0,0,0,0,0,0,0,0,0,0,0,0,0,0,0,0,0,0,0,1,0,0,0,0,0,0,0,0,0,0,0,0,0,0,0,0,0,0,0,0,0,0,0,0,0,0,0,0,0,0,0,0,0,0,0,0,0,0,0,0
3,5.0932944606414,3,1,5,5,18,6,8,27,0,0,0,0,0,0,1,0,0,1,2.49,3.30407825443102,3.39,3.39,3.89,6.19,2.5,2.59,2.49,1.86703703703704,0,0,0,0,0,0,0,0,0,0,0,0,0,0,0,0,0,0,0,0,0,0,0,0,0,0,0,0,0,0,0,0,0,0,0,0,0,0,0,1,0,0,0,0,0,0,0,0,0,0,0,0,0,0,0,0,0,0,0,0
6,5,1,4,8,5,5,3,7,23,0,0,0,0,1,0,1,0,0,1,2.49,3.39,3.39,3.39,2.67,6.19,2.68,2.59,2.49,2.2004347826087,0,0,0,0,0,0,0,0,0,0,0,0,0,0,0,0,0,0,0,0,0,0,0,0,0,0,0,0,0,0,0,0,0,0,0,0,0,0,0,0,0,0,0,0,0,0,0,0,0,0,0,0,0,0,0,0,0,0,0,0
2,3,2,1,5,3,12,7,6,8,0,0,0,0,1,0,0,0,0,0,2.49,3.39,3.39,3.39,2.5,6.19,3.39,2.59,2.49,3.315,0,0,0,0,0,0,0,0,0,0,0,0,0,0,0,0,0,0,0,0,0,0,0,0,0,0,0,0,0,0,0,0,0,0,0,0,0,0,0,0,0,0,0,0,0,0,0,0,0,0,0,0,0,0,0,0,0,0,0,0
2,4,1,1,1,3,10,4,4,18,0,0,0,0,0,0,0,0,0,1,2.49,3.39,3.39,3.39,3.89,6.19,3.39,2.59,2.49,1.87166666666667,0,0,0,0,0,0,0,0,0,0,0,0,0,0,0,0,0,0,0,1,0,0,0,0,0,0,0,0,0,0,0,0,0,0,0,0,0,0,0,0,0,0,0,0,0,0,0,0,0,1,0,0,0,0,0,0,0,0,0,0
1,4,1,2,3,2,14,6,8,31,0,0,0,0,0,0,0,0,0,1,2.49,3.39,3.39,3.39,3.89,6.19,3.39,2.59,2.49,1.94290322580645,0,0,0,0,0,0,0,0,0,0,0,0,0,0,0,0,0,0,0,1,0,0,0,0,0,0,0,0,0,0,0,0,0,0,0,0,0,0,0,0,0,0,0,0,0,0,0,0,0,0,0,0,0,0,0,0,0,0,0,0
7,3,1,3,3,3,9,2,15,12,0,0,0,0,0,0,0,0,0,1,2.49,3.39,3.39,3.39,4.29,6.19,3.39,2.59,2.49,2.5425,0,0,0,0,0,0,0,0,0,0,0,0,0,0,0,0,0,0,0,0,0,0,0,0,0,0,0,0,0,0,0,0,0,0,0,0,0,0,0,0,0,0,0,0,0,0,0,0,0,0,0,0,0,0,0,0,0,0,0,0
6,5,2.37209302325581,2.63870967741935,2,2,4,5,4,5,0,0,0,0,0,0,0,0,0,0,2.49,3.39,3.31025276854928,3.29342012288787,4.29,6.19,3.39,2.59,2.49,3.39,0,0,0,0,0,0,0,0,0,0,0,0,0,0,0,0,0,0,0,0,0,0,0,0,0,0,0,0,0,0,0,0,0,0,0,0,0,0,0,0,0,0,0,0,0,0,0,0,0,0,0,0,0,0,0,0,0,0,0,0
4,4,2,1,5,3,7,2,4,9,0,0,0,0,0,0,0,0,0,1,2.49,3.39,3.39,3.39,3.97,6.19,3.39,2.59,2.49,2.42,0,0,0,0,0,0,0,0,0,0,0,0,0,0,0,0,0,0,0,0,0,0,0,0,0,0,0,0,0,0,0,0,0,0,0,0,0,0,0,0,0,0,0,0,0,0,0,0,0,0,0,0,0,0,0,0,0,0,0,0
5,8,3,3,5,5,12,10,7,30,0,0,0,0,0,0,0,0,0,1,2.65,3.39,3.39,3.39,3.89,6.55,3.46,2.59,2.66,2.03966666666667,0,0,0,0,0,0,0,0,0,0,0,0,0,0,0,0,0,0,0,0,0,0,0,0,0,0,0,0,0,0,0,0,0,0,1,0,0,0,0,1,0,0,0,0,0,0,0,0,0,0,0,0,0,0,0,0,0,0,0,0
4,3,2.37209302325581,2.63870967741935,9,5,6,2,8,11,0,0,0,0,1,0,0,0,0,1,2.89,3.39,3.31025276854928,3.29342012288787,2.63,6.79,3.59,2.99,2.89,2.37545454545455,0,0,0,0,1,0,0,0,0,0,0,0,0,0,0,0,0,0,0,0,0,0,0,0,0,0,0,0,0,0,0,0,0,0,0,0,0,0,0,0,0,0,0,0,0,0,0,0,0,0,0,0,0,0,0,0,0,0,0,0
5,4,1,3,15,4,8,5,7,3,0,0,0,0,1,0,0,0,0,0,2.89,3.39,3.39,3.39,2.15,6.79,3.59,2.99,2.89,3.39,0,0,0,0,1,0,0,0,0,0,0,0,0,0,0,0,0,0,0,0,0,0,0,0,0,0,0,0,0,0,0,0,0,0,0,0,0,0,0,0,0,0,0,0,0,0,0,0,0,0,0,0,0,0,0,0,0,0,0,0
4,3,4,2.63870967741935,7,4,13,7,8,6,0,0,0,0,1,0,1,0,0,0,2.89,3.39,3.39,3.29342012288787,2.65,6.79,2.58,2.99,2.89,3.39,0,0,0,0,1,0,0,0,0,0,0,0,0,0,0,0,0,0,0,0,0,0,0,0,0,0,0,0,0,0,0,0,0,0,0,0,0,0,0,0,0,0,0,0,0,0,0,0,0,0,0,0,0,0,0,0,0,0,0,0
9,6,2.37209302325581,2.63870967741935,7,3.05604719764012,21,5,11,3,0,0,0,0,0,0,1,0,0,0,2.89,3.39,3.31025276854928,3.29342012288787,4.29,6.54163365641242,2.5,2.99,2.89,3.39,0,0,0,0,1,0,0,0,0,0,0,0,0,0,0,0,0,0,0,0,0,0,0,0,0,0,0,0,0,0,0,0,0,0,0,0,0,0,0,0,0,0,0,0,0,0,0,0,0,0,0,0,0,0,0,0,0,0,0,0
3,4,2,5,2,1,20,8,5,6,0,0,0,0,0,0,1,0,0,0,2.89,3.39,3.49,3.51,4.44,6.99,2.5,2.99,2.89,3.39,0,0,0,0,1,0,0,0,0,0,0,0,0,0,0,0,0,0,0,0,0,0,0,0,0,0,0,0,0,0,0,0,0,0,0,0,0,0,0,0,0,0,0,0,0,0,0,0,0,0,0,0,0,0,0,0,0,0,0,0
6,6,3,3,3,5,5,3,7,36,0,0,0,0,0,0,1,0,0,1,2.89,3.59,3.59,3.59,4.59,6.99,2.94,2.99,2.89,1.7,0,0,0,0,1,0,0,0,0,0,0,0,0,0,0,0,0,0,0,1,0,0,0,0,0,0,0,0,0,0,0,0,0,0,0,0,0,0,0,1,0,0,0,0,0,0,0,0,0,0,0,0,0,0,0,0,0,0,0,0
5,3,1,1,2,2,8,3,13,33,0,0,0,0,0,0,0,0,0,1,2.89,3.59,3.59,3.59,4.59,6.99,3.59,2.99,2.89,1.64,0,0,0,0,0,0,0,0,0,0,0,0,0,0,0,0,0,0,0,1,0,0,0,0,0,0,0,0,0,0,0,0,0,0,0,0,0,0,0,0,0,0,0,0,0,0,0,0,0,0,0,0,0,0,0,0,0,0,0,0
7,4,4,4,4.83818770226537,2,10,5,5,13,0,0,0,0,0,0,0,0,0,1,2.89,3.59,3.59,3.59,3.39704926519004,6.99,3.41,2.99,2.89,2.09,0,0,0,0,0,0,0,0,0,0,0,0,0,0,0,0,0,0,0,0,0,0,0,0,0,0,0,0,0,0,0,0,0,0,0,0,0,0,0,0,0,0,0,0,0,0,0,0,0,0,0,0,0,0,0,0,0,0,0,0
7,3,2.37209302325581,2,1,3.05604719764012,15,4,8,1,0,0,0,0,0,0,0,0,0,0,2.89,3.59,3.31025276854928,3.59,4.59,6.54163365641242,3.39,2.99,2.89,3.39,0,0,0,0,0,0,0,0,0,0,0,0,0,0,0,0,0,0,0,0,0,0,0,0,0,0,0,0,0,0,0,0,0,0,0,0,0,0,0,0,0,0,0,0,0,0,1,0,0,0,0,0,0,0,0,0,0,0,0,0
1,1,2.37209302325581,2,4.83818770226537,7,10,4,6,2,0,0,0,0,0,0,0,0,0,1,2.89,3.59,3.31025276854928,3.59,3.39704926519004,6.99,3.59,2.99,2.89,3.24,0,0,0,0,0,0,0,0,0,0,0,0,0,0,0,0,0,0,0,0,0,0,0,0,0,0,0,0,0,0,0,0,0,0,0,0,0,0,0,0,0,0,0,0,0,0,0,0,0,0,0,0,0,0,0,0,0,0,0,0
6,3,1,1,1,1,10,3,7,7,0,0,0,0,0,0,0,0,0,1,2.89,3.59,3.59,3.59,4.59,6.99,3.59,2.99,2.89,3.21857142857143,0,0,0,0,0,0,0,0,0,0,0,0,0,0,0,0,0,0,0,0,0,0,0,0,0,0,0,0,0,0,0,0,0,0,0,0,0,0,0,0,0,0,0,0,0,0,0,0,0,0,0,0,0,0,0,0,0,0,0,0
3,3,2.37209302325581,3,4.83818770226537,5,2,5.08611111111111,6,34,0,0,0,0,0,0,0,0,0,1,2.89,3.59,3.31025276854928,3.59,3.39704926519004,6.99,3.59,2.90415617283951,2.89,1.7,0,0,0,0,0,0,0,0,0,0,0,0,0,0,0,0,0,0,0,1,0,0,0,0,0,0,0,0,0,0,0,0,0,0,0,0,0,0,0,0,0,0,0,0,0,0,0,0,0,0,0,0,0,0,0,0,0,0,0,0
5,10,2,2.63870967741935,4.83818770226537,1,14,6,13,20,0,0,0,0,0,0,0,0,0,1,2.89,3.59,3.59,3.29342012288787,3.39704926519004,6.99,3.59,2.99,2.89,1.86,0,0,0,0,0,0,0,0,0,0,0,0,0,0,0,0,0,0,0,1,0,0,0,0,0,0,0,0,0,0,0,0,0,0,0,0,0,0,0,1,0,0,0,0,0,0,0,0,0,0,0,0,0,0,0,0,0,0,0,0
3,3,1,1,2,1,8,7,4,12,0,0,0,0,1,0,0,0,0,1,2.89,3.59,3.59,3.59,2,6.99,3.59,2.99,2.89,1.97833333333333,0,0,0,0,0,0,0,0,0,0,0,0,0,0,0,0,0,0,0,0,0,0,0,0,0,0,0,0,0,0,0,0,0,0,0,0,0,0,0,0,0,0,0,0,0,0,0,0,0,0,0,0,0,0,0,0,0,0,0,0
5.06197183098592,3,1,2.63870967741935,4.83818770226537,4,31,7,6,2,0,0,0,0,0,0,1,0,0,0,2.78814084507042,3.59,3.59,3.29342012288787,3.39704926519004,6.99,2.57,2.99,2.89,3.39,0,0,0,0,0,0,0,0,0,0,0,0,0,0,0,0,0,0,0,0,0,0,0,0,0,0,0,0,0,0,0,0,0,0,0,0,0,0,0,0,0,0,0,0,0,0,0,0,0,0,0,0,0,0,0,0,0,0,0,0
2,5,2,1,4.83818770226537,2,15,4,3,2,0,0,0,0,0,0,1,0,0,0,2.99,3.59,3.59,3.59,3.39704926519004,6.99,2.5,2.99,2.96,3.59,0,0,0,0,0,0,0,0,0,0,0,0,0,0,0,0,0,0,0,0,0,0,0,0,0,0,0,0,0,0,0,0,0,0,0,0,0,0,0,0,0,0,0,0,0,0,0,0,0,0,0,0,0,0,0,0,0,0,0,0
4,3,2.37209302325581,3,4.83818770226537,3.05604719764012,19,3,8,1,0,0,0,0,0,0,1,0,0,0,2.99,3.59,3.31025276854928,3.59,3.39704926519004,6.54163365641242,2.5,2.99,2.99,3.59,0,0,0,0,0,0,0,0,0,0,0,0,0,0,0,0,0,0,0,0,0,0,0,0,0,0,0,0,0,0,0,0,0,0,0,0,0,0,0,0,0,0,0,0,0,0,0,0,0,0,0,0,0,0,0,0,0,0,0,0
7,4,2.37209302325581,3,1,2,16,10,9,2,0,0,0,0,0,0,1,0,0,0,2.99,3.59,3.31025276854928,3.59,4.39,6.99,2.5,2.99,2.99,3.49,0,0,0,0,0,0,0,0,0,0,0,0,0,0,0,0,0,0,0,0,0,0,0,0,0,0,0,0,0,0,0,0,0,0,0,0,0,0,0,0,0,0,0,0,0,0,0,0,0,0,0,0,0,0,0,0,0,0,0,0
5,7,2,1,4.83818770226537,5,10,5,10,27,0,0,0,0,0,0,1,0,0,1,2.99,3.59,3.59,3.59,3.39704926519004,6.99,3.04,2.99,2.99,1.99,0,0,0,0,0,0,0,0,0,0,0,0,0,0,0,0,0,0,0,0,0,0,0,0,0,0,0,0,0,0,0,0,0,0,0,0,0,0,0,0,0,0,0,0,0,0,0,0,0,0,0,0,0,0,0,0,0,0,0,0
3,3,2,1,4.83818770226537,1,6,2,3,36,0,0,0,0,0,0,0,0,0,1,2.99,3.59,3.59,3.59,3.39704926519004,6.99,3.59,2.99,2.99,1.9,0,0,0,0,0,0,0,0,0,0,0,0,0,0,0,0,0,0,0,1,0,0,0,0,0,0,0,0,0,0,0,0,0,0,0,0,0,0,0,1,0,0,0,0,0,0,0,0,0,0,0,0,0,0,0,0,0,0,0,0
5,2,4,3,1,6,12,8,3,33,0,0,0,0,0,0,0,0,0,1,2.99,3.59,3.59,3.59,4.39,6.99,3.59,2.99,2.99,1.74,0,0,0,0,0,0,0,0,0,0,0,0,0,0,0,0,0,0,0,1,0,0,0,0,0,0,0,0,0,0,0,0,0,0,0,0,0,0,0,1,0,0,0,0,0,0,0,0,0,0,0,0,0,0,0,0,0,0,0,0
6,5,2,4,1,1,18,5,7,24,0,0,0,0,0,0,0,0,0,1,2.99,3.59,3.59,3.59,4.39,6.99,3.59,2.99,2.99,1.8,0,0,0,0,0,0,0,0,0,0,0,0,0,0,0,0,0,0,0,0,0,0,0,0,0,0,0,0,0,0,0,0,0,0,0,0,0,0,0,0,0,0,0,0,0,0,0,0,0,0,0,0,0,0,0,0,0,0,0,0
2,10,1,3,4.83818770226537,1,9,6,4,27,0,0,0,0,0,0,0,0,0,1,2.99,3.59,3.59,3.59,3.39704926519004,6.99,3.59,2.99,2.99,1.89,0,0,0,0,0,0,0,0,0,0,0,0,0,0,0,0,0,0,0,1,0,0,0,0,0,0,0,0,0,0,0,0,0,0,0,0,0,0,0,0,0,0,0,0,0,0,0,0,0,0,0,0,0,0,0,0,0,0,0,0
4,8,3,4,4.83818770226537,5,9,6,6,31,0,0,0,0,0,0,0,0,0,1,2.99,3.59,3.59,3.59,3.39704926519004,6.99,3.59,2.99,2.99,2,0,0,0,0,0,0,0,0,0,0,0,0,0,0,0,0,0,0,0,1,0,0,0,0,0,0,0,0,0,0,0,0,0,0,0,0,0,0,0,0,0,0,0,0,0,0,0,0,0,1,0,0,0,0,0,0,0,0,0,0
5,5,2,2,4.83818770226537,3.05604719764012,15,7,6,28,0,0,0,0,0,0,0,0,0,1,2.99,3.59,3.59,3.59,3.39704926519004,6.54163365641242,3.42,2.99,2.99,1.8,0,0,0,0,0,0,0,0,0,0,0,0,0,0,0,0,0,0,0,1,0,0,0,0,0,0,0,0,0,0,0,0,0,0,0,0,0,0,0,0,0,0,0,0,0,0,0,0,0,0,0,0,0,0,0,0,0,0,0,0
1,6,1,2,4.83818770226537,3,13,6,4,28,0,0,0,0,0,0,0,0,0,1,2.99,3.59,3.59,3.59,3.39704926519004,6.99,3.39,2.99,2.99,1.92,0,0,0,0,0,0,0,0,0,0,0,0,0,0,0,0,0,0,0,1,0,0,0,0,0,0,0,0,0,0,0,0,0,0,0,0,0,0,0,0,0,0,0,0,0,0,0,0,0,0,0,0,0,0,0,0,0,0,0,0
1,4,1,1,4.83818770226537,6,13,3,8,42,0,0,0,0,0,0,0,0,0,1,2.99,3.59,3.59,3.59,3.39704926519004,6.99,3.4,2.99,2.99,1.8,0,0,0,0,0,0,0,0,0,0,0,0,0,0,0,0,0,0,0,1,0,0,0,0,0,0,0,0,0,0,0,0,0,0,0,0,0,0,0,1,0,0,0,0,0,0,0,0,0,0,0,0,0,0,0,0,0,0,0,0
1,3,1,1,4.83818770226537,1,8,5,6,10,0,0,0,0,0,0,0,0,0,1,2.99,3.59,3.59,3.59,3.39704926519004,6.99,3.49,2.99,2.99,1.8,0,0,0,0,0,0,0,0,0,0,0,0,0,0,0,0,0,0,0,0,0,0,0,0,0,0,0,0,0,0,0,0,0,0,0,0,0,0,0,0,0,0,0,0,0,0,0,0,0,0,0,0,0,0,0,0,0,0,0,0
3,6,3,1,1,1,4,8,5,1,0,0,0,0,0,0,0,0,0,0,2.99,3.59,3.59,3.59,3.99,6.99,3.59,2.99,2.99,3.59,0,0,0,0,0,0,0,0,0,0,0,0,0,0,0,0,0,0,0,0,0,0,0,0,0,0,0,0,0,0,0,0,0,0,0,0,0,0,0,0,0,0,0,0,0,0,0,0,0,0,0,0,0,0,0,0,0,0,0,0
3,5,1,2,2,1,2,8,12,6,0,0,0,0,0,0,0,1,0,1,2.99,3.59,3.59,3.59,3.99,6.99,3.59,2.82,2.99,2.53,0,0,0,0,0,0,0,0,0,0,0,0,0,0,0,0,0,0,0,0,0,0,0,0,0,0,0,0,0,0,0,0,0,0,0,0,0,0,0,0,0,0,0,0,0,0,0,0,0,0,0,0,0,0,0,0,0,0,0,0
6,4,1,2,1,2,6,5.08611111111111,3,17,0,0,0,0,0,0,0,0,0,1,2.99,3.59,3.59,3.59,3.99,6.99,3.59,2.90415617283951,2.99,2,0,0,0,0,0,0,0,0,0,0,0,0,0,0,0,0,0,0,0,0,0,0,0,0,0,0,0,0,0,0,0,0,0,0,0,0,0,0,0,0,0,0,0,0,0,0,0,0,0,0,0,0,0,0,0,0,0,0,0,0
4,6,2,1,3,3,11,4,5,31,0,0,0,0,0,0,0,0,0,1,2.99,3.59,3.59,3.59,3.99,6.99,3.43,2.99,2.99,1.71,0,0,0,0,0,0,0,0,0,0,0,0,0,0,0,0,0,0,0,1,0,0,0,0,0,0,0,0,0,0,0,0,0,0,0,0,0,0,0,0,0,0,0,0,0,0,0,0,0,0,0,0,0,0,0,0,0,0,0,0
2,5,2.37209302325581,1,3,3,7,5,4,20,0,0,0,0,0,0,0,0,0,1,2.99,3.59,3.31025276854928,3.59,3.99,6.99,3.39,2.99,2.99,1.8,0,0,0,0,0,0,0,0,0,0,0,0,0,0,0,0,0,0,0,0,0,0,0,0,0,0,0,0,0,0,0,0,0,0,0,0,0,0,0,0,0,0,0,0,0,0,0,0,0,1,0,0,0,0,0,0,0,0,0,0
4,5,2.37209302325581,1,4,3,12,4,7,23,0,0,0,0,0,0,0,0,0,1,2.99,3.59,3.31025276854928,3.59,3.99,6.99,3.39,2.99,2.99,2.03,0,0,0,0,0,0,0,0,0,0,0,0,0,0,0,0,0,0,0,0,0,0,0,0,0,0,0,0,0,0,0,0,0,0,0,0,0,0,0,0,0,0,0,0,0,0,0,0,0,1,0,0,0,0,0,0,0,0,0,0
4,10,2,2.63870967741935,4.83818770226537,3,5,3,6,32,0,0,0,0,0,0,0,0,0,1,2.99,3.59,3.59,3.29342012288787,3.39704926519004,6.99,3.59,2.99,2.99,1.8,0,0,0,0,0,0,0,0,0,0,0,0,0,0,0,0,0,0,0,0,0,0,0,0,0,0,0,0,0,0,0,0,0,0,0,0,0,0,0,1,0,0,0,0,0,0,0,0,0,0,0,0,0,0,0,0,0,0,0,0
7,2,4,6,4,7,12,4,3,22,0,0,0,0,0,0,0,0,0,1,2.99,3.59,3.59,3.59,3.99,6.99,3.59,2.99,2.99,1.63,0,0,0,0,0,0,0,0,0,0,0,0,0,0,0,0,0,0,0,0,0,0,0,0,0,0,0,0,0,0,0,0,0,0,0,0,0,0,0,1,0,0,0,0,0,0,0,0,0,0,0,0,0,0,0,0,0,0,0,0
6,2,1,1,2,2,8,6,5,29,0,0,0,0,0,0,0,0,0,1,2.99,3.59,3.59,3.59,3.99,6.99,3.29,2.99,2.99,1.86,0,0,0,0,0,0,0,0,0,0,0,0,0,0,0,0,0,0,0,0,0,0,0,0,0,0,0,0,0,0,0,0,0,0,0,0,1,0,0,0,0,0,0,0,0,0,0,0,0,0,0,0,0,0,0,0,0,0,0,0
5,6,4,1,3,1,7,2,1,23,0,0,0,0,0,0,0,0,0,1,2.99,3.59,3.59,3.59,3.99,6.99,3.29,2.99,2.99,2.03,0,0,0,0,0,0,0,0,0,0,0,0,0,0,0,0,0,0,0,1,0,0,0,0,0,0,0,0,0,0,0,0,0,0,0,0,0,0,0,1,0,0,0,0,0,0,0,0,0,0,0,0,0,0,0,0,0,0,0,0
6,5,3,1,3,3.05604719764012,9,5,2,11,0,0,0,0,0,0,0,0,0,1,2.99,3.59,3.59,3.59,3.99,6.54163365641242,3.35,2.99,2.99,1.96,0,0,0,0,0,0,0,0,0,0,0,0,0,0,0,0,0,0,0,0,0,0,0,0,0,0,0,0,0,0,0,0,0,0,0,0,0,0,0,0,1,1,1,1,1,0,0,0,1,0,0,0,0,0,0,0,0,0,0,0
6,7,1,1,4,2,13,2,6,2,0,0,0,0,0,0,0,0,0,0,2.99,3.59,3.59,3.59,3.99,6.99,3.39,2.99,2.99,3.59,0,0,0,0,0,0,0,0,0,0,0,0,0,0,0,0,0,0,0,0,0,0,0,0,0,0,0,0,0,0,0,0,0,0,0,0,0,0,0,0,1,1,1,1,1,0,0,0,1,0,0,0,0,0,0,0,0,0,0,0
5,4,2,2.63870967741935,6,1,10,5,5,19.3267973856209,0,1,1,0,1,0,0,0,0,0,2.99,3.29,3.29,3.29342012288787,2.75,6.99,3.59,2.99,2.99,2.52230985668503,0,0,0,0,0,0,0,0,0,0,0,0,0,0,0,0,0,0,0,0,0,0,0,0,0,0,0,0,0,0,0,0,0,0,0,0,0,0,0,0,0,0,0,0,0,0,0,0,0,0,0,0,0,0,0,0,0,0,0,0
6,10,1,1,12,3,1,7,1,3,0,1,1,1,1,0,0,0,0,0,2.99,3.29,3.29,3.29,2.5,6.99,3.59,2.99,2.99,3.59,0,0,0,0,0,0,0,0,0,0,0,0,0,0,0,0,0,0,0,0,0,0,0,0,0,0,0,0,0,0,0,0,0,0,1,0,0,0,0,0,0,0,0,0,0,0,0,0,0,0,0,0,0,0,0,0,0,0,0,0
6,9,1,1,8,2,6,3,3,19,0,1,1,1,1,0,0,0,0,1,2.99,3.29,3.29,3.29,2.87,6.99,3.59,2.99,2.99,1.89,0,0,0,0,0,0,0,0,0,0,0,0,0,0,0,0,0,0,0,0,0,0,0,0,0,0,0,0,0,0,0,0,0,0,0,0,0,0,0,0,0,0,0,0,0,0,0,0,0,0,0,0,0,0,0,0,0,0,0,0
5,7,3,1,4,1,3,7,3,22,0,1,1,1,0,0,0,0,0,1,2.99,3.29,3.29,3.29,3.99,6.99,3.59,2.99,2.99,1.8,0,0,0,0,0,0,0,0,0,0,0,0,0,0,0,0,0,0,0,0,0,0,0,0,0,0,0,0,0,0,0,0,0,0,0,0,0,0,0,1,0,0,0,0,0,0,0,0,0,0,0,0,0,0,0,0,0,0,0,0
3,5,3,2,10,3,5,7,4,14,0,0,1,0,1,0,0,0,0,1,2.99,3.53,3.49,3.59,2.5,6.99,3.43,2.99,2.99,1.8,0,0,0,0,0,0,0,0,0,0,0,0,0,0,0,0,0,0,0,0,0,0,0,0,0,0,0,0,0,0,0,0,0,0,0,0,0,0,0,0,0,0,0,0,1,0,0,0,0,0,0,0,0,0,0,0,0,0,0,0
5.06197183098592,4,1,3,14,3,8,3,3,19.3267973856209,0,0,0,0,1,0,0,0,0,0,2.78814084507042,3.59,3.59,3.59,2.5,6.99,3.42,2.99,2.99,2.52230985668503,0,0,0,0,0,0,0,0,0,0,0,0,0,0,0,0,0,0,0,0,0,0,0,0,0,0,0,0,0,0,0,0,0,0,0,0,0,0,0,0,0,0,0,0,0,0,0,0,0,0,0,0,0,0,0,0,0,0,0,0
5,5,2,1,7,2,12,8,8,19.3267973856209,0,0,0,0,1,0,0,0,0,0,2.99,3.59,3.59,3.59,3.35,6.99,3.39,2.99,2.99,2.52230985668503,0,0,0,0,0,0,0,0,0,0,0,0,0,0,0,0,0,0,0,0,0,0,0,0,0,0,0,0,0,0,0,0,0,0,0,0,0,0,0,0,0,0,0,0,0,0,0,0,0,0,0,0,0,0,0,0,0,0,0,0
7,4,2,1,4.83818770226537,4,4,6,5,8,0,1,0,0,0,0,0,0,0,1,2.99,3.29,3.59,3.59,3.39704926519004,6.99,3.39,2.99,2.99,2.24,0,0,0,0,0,0,0,0,0,0,0,0,0,0,0,0,0,0,0,0,0,0,0,0,0,0,0,0,0,0,0,0,0,0,0,0,0,0,0,0,0,0,0,0,0,0,0,0,0,0,0,0,0,0,0,0,0,0,0,0
5,7,3,3,1,3,6,4,3,20,0,1,1,1,0,0,0,0,0,1,2.99,3.29,3.29,3.29,3.99,6.99,3.49,2.99,2.99,1.97,0,0,0,0,0,0,0,0,0,0,0,0,0,0,0,0,0,0,0,1,0,0,0,0,0,0,0,0,0,0,0,0,0,0,0,0,0,0,0,1,0,0,0,0,0,0,0,0,0,0,0,0,0,0,0,0,0,0,0,0
4,7,2,6,1,2,7,2,5,12,0,1,1,1,0,0,0,0,0,1,2.99,3.29,3.29,3.29,3.99,6.99,3.59,2.99,2.99,1.8,0,0,0,0,0,0,0,0,0,0,0,0,0,0,0,0,0,0,0,1,0,0,0,0,0,0,0,0,0,0,0,0,0,0,0,0,0,0,0,0,0,0,0,0,0,0,0,0,0,0,0,0,0,0,0,0,0,0,0,0
2,10,2.37209302325581,3,1,2,4,7,8,10,0,1,0,1,0,0,0,0,0,1,2.99,3.32,3.31025276854928,3.29,3.99,6.99,3.59,2.99,2.99,1.8,0,0,0,0,0,0,0,0,0,0,0,0,0,0,0,0,0,0,0,0,0,0,0,0,0,0,0,0,0,0,0,0,0,0,0,0,0,0,0,0,0,0,0,0,0,0,0,0,0,0,0,0,0,0,0,0,0,0,0,0
2,7,2,5,3,1,8,10,7,14,0,1,0,0,0,0,0,0,0,1,2.99,3.46,3.59,3.41,3.99,6.99,3.59,2.99,2.99,2.31,0,0,0,0,0,0,0,0,0,0,0,0,0,0,0,0,0,0,0,0,0,0,0,0,0,0,0,0,0,0,0,0,0,0,0,0,0,0,0,0,0,0,0,0,0,0,0,0,0,0,0,0,0,0,0,0,0,0,0,0
6,8,2,3,13,2,9,5,6,3,0,0,0,0,1,0,0,0,0,0,2.99,3.59,3.59,3.59,2.3,6.99,3.59,2.99,2.99,3.59,0,0,0,0,0,0,0,0,0,0,0,0,0,0,0,0,0,0,0,0,0,0,0,0,0,0,0,0,0,0,0,0,0,0,0,0,0,0,0,0,0,0,0,0,0,0,0,0,0,0,0,0,0,0,0,0,0,0,0,0
4,3,2.37209302325581,2,7,5,5,3,9,1,0,0,0,0,1,0,0,0,0,0,2.99,3.59,3.31025276854928,3.59,2,6.99,3.59,2.99,2.99,3.59,0,0,0,0,0,0,0,0,0,0,0,0,0,0,0,0,0,0,0,0,0,0,0,0,0,0,0,0,0,0,0,0,0,0,1,0,0,0,0,0,0,0,0,0,0,0,0,0,0,0,0,0,0,0,0,0,0,0,0,0
3,7,2.37209302325581,4,2,3,10,3,5,1,0,0,0,0,1,0,0,0,0,0,2.99,3.59,3.31025276854928,3.59,2,6.99,3.59,2.99,2.99,3.59,0,0,0,0,0,0,0,0,0,0,0,0,0,0,0,0,0,0,0,0,0,0,0,0,0,0,0,0,0,0,0,0,0,0,0,0,0,0,0,0,0,0,0,0,0,0,0,0,0,0,0,0,0,0,0,0,0,0,0,0
3,6,5,3,3,3.05604719764012,15,5,8,3,0,0,0,0,0,0,0,0,0,0,2.99,3.59,3.59,3.59,3.99,6.54163365641242,3.5,2.99,2.99,3.59,0,0,0,0,0,0,0,0,0,0,0,0,0,0,0,0,0,0,0,0,0,0,0,0,0,0,0,0,0,0,0,0,0,0,0,0,0,0,0,0,0,0,0,0,0,0,0,0,0,0,0,0,0,0,0,0,0,0,0,0
7,7,2,3,8,5,13,8,2,20,0,0,0,0,1,0,0,0,0,1,2.99,3.59,3.59,3.59,3.62,7.05,3.39,2.99,2.99,1.97,0,0,0,0,0,0,0,0,0,0,0,0,0,0,0,0,0,0,0,1,0,0,0,0,0,0,0,0,0,0,0,0,0,0,0,0,0,0,0,0,0,0,0,0,0,0,0,0,0,0,0,0,0,0,0,0,0,0,0,0
1,9,3,2,5,5,9,5,3,41,0,0,0,0,1,0,0,0,0,1,2.99,3.59,3.59,3.59,3.39,7.29,3.39,2.99,2.99,1.93,0,0,0,0,0,0,0,0,0,0,0,0,0,0,0,0,0,0,0,1,0,0,0,0,0,0,0,0,0,0,0,0,0,0,0,0,0,0,0,1,0,0,0,0,0,0,0,0,0,0,0,0,0,0,0,0,0,0,0,0
7,6,2,3,3,2,5,6,3,14,0,0,0,0,1,0,0,0,0,1,2.99,3.59,3.59,3.59,2.5,7.29,3.39,2.99,2.99,2.05,0,0,0,0,0,0,0,0,0,0,0,0,0,0,0,0,0,0,0,0,0,0,0,0,0,0,0,0,0,0,0,0,0,0,0,0,0,0,0,0,0,0,0,0,0,0,0,0,0,0,0,0,0,0,0,0,0,0,0,0
2,2,4,4,4,1,6,6,6,5,0,0,0,0,1,0,0,0,0,1,2.99,3.59,3.59,3.59,2.5,7.29,3.39,2.99,2.99,3.39,0,0,0,0,0,0,0,0,0,0,0,0,0,0,0,0,0,0,0,0,0,0,0,0,0,0,0,0,0,0,0,0,0,0,0,0,0,0,0,0,0,0,0,0,0,0,0,0,0,0,0,0,0,0,0,0,0,0,0,0
4,7,3,5,7,1,11,4,5,19.3267973856209,0,0,0,0,1,1,0,1,0,0,2.99,3.59,3.59,3.59,3.01,5.99,3.39,2.79,2.99,2.52230985668503,0,0,0,0,0,0,0,0,0,0,0,0,0,0,0,0,0,0,0,0,0,0,0,0,0,0,0,0,0,0,0,0,0,0,0,0,0,0,0,0,0,0,0,0,0,0,0,0,0,0,0,0,0,0,0,0,0,0,0,0
2,2,3,2,8,2,7,4,5,2,0,0,0,0,1,1,0,1,0,1,2.99,3.59,3.59,3.59,3.39,5.99,3.39,2.79,2.99,3.39,0,0,0,0,0,0,0,0,0,0,0,0,0,0,0,0,0,0,0,0,0,0,0,0,0,0,0,0,0,0,0,0,0,0,0,0,0,0,0,0,0,0,0,0,0,0,0,0,0,0,0,0,0,0,0,0,0,0,0,0
7,5,4,7,10,4,4,5,2,28,0,1,1,1,0,1,0,0,0,1,2.99,3.35,3.29,3.33,3.39,5.99,3.59,2.99,2.99,2.1,0,0,0,0,0,0,0,0,0,0,0,0,0,0,0,0,0,0,0,0,0,0,0,0,0,0,0,0,0,0,0,0,0,0,0,0,0,0,0,0,0,0,0,0,0,0,0,0,0,0,0,0,0,0,0,0,0,0,0,0
5,5,3,2,4,1,8,2,4,38,0,1,1,1,0,1,0,0,0,1,2.99,3.29,3.29,3.29,3.39,5.99,3.59,2.99,2.99,1.74,0,0,0,0,0,0,0,0,0,0,0,0,0,0,0,0,0,0,0,1,0,0,0,0,0,0,0,0,0,0,0,0,0,0,0,0,0,0,0,1,0,0,0,0,0,0,0,0,0,0,0,0,0,0,0,0,0,0,0,0
3,11,4,3,3,1,10,4,4,41,0,1,1,1,0,1,0,0,0,1,2.99,3.29,3.29,3.29,3.39,5.99,3.43,2.99,2.99,1.5,0,0,0,0,0,0,0,0,0,0,0,0,0,0,0,0,0,0,0,1,0,0,0,0,0,0,0,0,0,0,0,0,0,0,0,0,0,0,0,0,0,0,0,0,0,0,0,0,0,1,0,0,0,0,0,0,0,0,0,0
1,9,3,2,4,3,10,4,4,35,0,1,1,1,0,1,0,0,0,1,2.99,3.29,3.29,3.44,3.39,5.99,3.39,2.99,2.99,1.5,0,0,0,0,0,0,0,0,0,0,0,0,0,0,0,0,0,0,0,1,0,0,0,0,0,0,0,0,0,0,0,0,0,0,0,0,0,0,0,0,0,0,0,0,0,0,0,0,0,0,0,0,0,0,0,0,0,0,0,0
3,6,6,3,4,2,11,4,6,17,0,0,0,0,1,0,0,0,0,1,2.99,3.54,3.54,3.59,2.79,5.99,3.41,2.99,2.99,2.06,0,0,0,0,0,0,0,0,0,0,0,0,0,0,0,0,0,0,0,0,0,0,0,0,0,0,0,0,0,0,0,0,0,0,0,0,0,0,0,0,0,0,0,0,0,0,0,0,0,0,0,0,0,0,0,0,0,0,0,0
3,1,2,1,7,1,10,3,1,5,0,0,0,0,1,0,0,0,0,0,2.99,3.59,3.59,3.59,2.79,5.99,3.39,2.99,2.99,3.39,0,0,0,0,0,0,0,0,0,0,0,0,0,0,1,0,0,0,0,0,0,0,0,0,0,0,0,0,0,0,0,0,0,0,0,0,0,0,0,0,0,0,0,0,0,0,0,0,0,0,0,0,0,0,0,0,0,0,0,0
3,7,3,2,8,2,15,4,5,1,0,0,0,0,1,0,0,0,0,0,2.99,3.59,3.59,3.59,3.02,5.99,3.39,2.99,2.99,3.39,0,0,0,0,0,0,0,0,0,0,0,0,0,0,0,0,0,0,0,0,0,0,0,0,0,0,0,0,0,0,0,0,0,0,0,0,0,0,0,0,0,0,0,0,0,0,0,0,0,0,0,0,0,0,0,0,0,0,0,0
7,5,3,3,4,7,7,4,1,2,0,0,0,0,0,0,0,0,0,0,2.99,3.59,3.59,3.59,3.84,5.99,3.48,2.99,2.99,3.39,0,0,0,0,0,0,0,0,0,0,0,0,0,0,0,0,0,0,0,0,0,0,0,0,0,0,0,0,0,0,0,0,0,0,0,0,0,0,0,0,0,0,0,0,0,0,0,0,0,0,0,0,0,0,0,0,0,0,0,0
6,9,3,2,1,2,13,3,3,21,0,0,0,0,0,0,0,0,0,1,2.99,3.59,3.59,3.59,3.99,5.99,3.59,2.99,2.99,2.07,0,0,0,0,0,0,0,0,0,0,0,0,0,0,0,0,0,0,0,1,0,0,0,0,0,0,0,0,0,0,0,0,0,0,0,0,0,0,0,0,0,0,0,0,0,0,0,0,0,0,0,0,0,0,0,0,0,0,0,0
5,6,4,2,2,4,4,2,6,30,0,0,0,0,0,0,0,0,0,1,2.99,3.59,3.59,3.59,3.99,5.99,3.59,2.99,2.99,2,0,0,0,0,0,0,0,0,0,0,0,0,0,0,0,0,0,0,0,1,0,0,0,0,0,0,0,0,0,0,0,0,0,0,0,0,0,0,0,1,0,0,0,0,0,0,0,0,0,0,0,0,0,0,0,0,0,0,0,0
3,4,1,5,4,3,6,8,8,23,0,0,0,0,0,0,0,0,0,1,2.99,3.59,3.59,3.59,3.99,5.99,3.59,2.99,2.99,2,0,0,0,0,0,0,0,0,0,0,0,0,0,0,0,0,0,0,0,1,0,0,0,0,0,0,0,0,0,0,0,0,0,0,0,0,0,0,0,0,0,0,0,0,0,0,0,0,0,0,0,0,0,0,0,0,0,0,0,0
5,10,3,4,1,3,6,7,2,21,0,1,1,1,0,0,0,0,0,1,2.99,3.06,3.39,3.3,3.99,5.99,3.59,2.99,2.99,2,0,0,0,0,0,0,0,0,0,0,0,0,0,0,0,0,0,0,0,1,0,0,0,0,0,0,0,0,0,0,0,0,0,0,0,0,0,0,0,1,0,0,0,0,0,0,0,0,0,0,0,0,0,0,0,0,0,0,0,0
1,7,1,2,3,6,9,6,1,25,0,1,1,1,1,0,0,0,0,1,2.99,3,3,3,3.52,5.99,3.59,2.99,2.99,2,0,0,0,0,0,0,0,0,0,0,0,0,0,0,0,0,0,0,0,1,0,0,0,0,0,0,0,0,0,0,0,0,0,0,0,0,0,0,0,0,0,0,0,0,0,0,0,0,0,0,0,0,0,0,0,0,0,0,0,0
2,4,6,8,1,1,4,6,1,20,0,1,1,1,1,0,0,0,0,1,2.99,3,3,3,3.29,5.99,3.59,2.99,2.99,2,0,0,0,0,0,0,0,0,0,0,0,0,0,0,0,0,0,0,0,1,0,0,0,0,0,0,0,0,0,0,0,0,0,0,0,0,0,0,0,1,0,0,0,0,0,0,0,0,0,0,0,0,0,0,0,0,0,0,0,0
5,11,1,4,3,1,6,7,1,12,0,1,1,1,1,0,0,0,0,1,2.99,3,3,3,3.29,5.99,3.59,2.99,2.99,2.12,0,0,0,0,0,0,0,0,0,0,0,0,0,0,0,0,0,0,0,0,0,0,0,0,0,0,0,0,0,0,0,0,0,0,0,0,0,0,0,0,0,0,0,0,0,0,0,0,0,0,0,0,0,0,0,0,0,0,0,0
2,13,2,1,6,4,4,4,3,1,0,1,1,0,1,0,0,0,0,0,2.99,3.23,3,3.59,3.29,5.99,3.59,2.99,2.99,3.39,0,0,0,0,0,0,0,0,0,0,0,0,0,0,0,0,0,0,0,0,0,0,0,0,0,0,0,0,0,0,0,0,0,0,0,0,0,0,0,0,0,0,0,0,0,0,0,0,0,0,0,0,0,0,0,0,0,0,0,0
3,9,1,2.63870967741935,4,1,1,2,5,19.3267973856209,0,0,0,0,1,0,0,0,0,0,2.99,3.59,3.59,3.29342012288787,2.6975,5.99,3.59,2.99,2.99,2.52230985668503,0,0,0,0,0,0,0,0,0,0,0,0,0,0,0,0,0,0,0,0,0,0,0,0,0,0,0,0,0,0,0,0,0,0,0,0,0,0,0,0,0,0,0,0,0,0,0,0,0,0,0,0,0,0,0,0,0,0,0,0
2,2,3,2,2,5,6,6,1,1,0,0,0,0,1,0,0,1,0,0,2.99,3.59,3.59,3.59,3.29,5.99,3.59,2.82333333333333,2.99,3.39,0,0,0,0,0,0,0,0,0,0,0,0,0,0,0,0,0,0,0,0,0,0,0,0,0,0,0,0,0,0,0,0,0,0,0,0,0,0,0,0,0,0,0,0,0,0,0,0,0,0,0,0,0,0,0,0,0,0,0,0
3,3,3,4,5,2,5,4,1,2,0,0,0,0,0,0,0,1,0,0,2.99,3.59,3.59,3.59,3.29,5.99,3.59,2.79,2.99,3.39,0,0,0,0,0,0,0,0,0,0,0,0,0,0,0,0,0,0,0,0,0,0,0,0,0,0,0,0,0,0,0,0,0,0,0,0,0,0,0,0,0,0,0,0,0,0,0,0,0,0,0,0,0,0,0,0,0,0,0,0
3,9,1,4,4,2,12,4,8,8,0,0,0,0,0,0,0,0,0,1,2.99,3.59,3.59,3.59,3.29,5.99,3.59,2.94,2.99,1.8725,0,0,0,0,0,0,0,0,0,0,0,0,0,0,0,0,0,0,0,0,0,0,0,0,0,0,0,0,0,0,0,0,0,0,0,0,0,0,0,1,0,0,0,0,0,0,0,0,0,0,0,0,0,0,0,0,0,0,0,0
3,4,2,3,4,3.05604719764012,5,5,7,15,0,0,0,0,0,0,0,0,0,1,2.99,3.59,3.59,3.59,3.29,6.54163365641242,3.59,2.99,2.99,1.73333333333333,0,0,0,0,0,0,0,0,0,0,0,0,0,0,0,0,0,0,0,0,0,0,0,0,0,0,0,0,0,0,0,0,0,0,0,0,0,0,0,0,0,0,0,0,0,0,0,0,0,0,0,0,0,0,0,0,0,0,0,0
2,5,2,3,5,3,6,4,4,12,0,0,0,0,0,0,0,0,0,1,2.99,3.59,3.59,3.59,3.29,5.99,3.59,2.99,2.99,1.97,0,0,0,0,0,0,0,0,0,0,0,0,0,0,0,0,0,0,0,0,0,0,0,0,0,0,0,0,0,0,0,0,0,0,0,0,0,0,0,0,0,0,0,0,0,0,0,0,0,0,0,0,0,0,0,0,0,0,0,0
2,1,1,6,8,1,13,5.08611111111111,2,20,0,0,0,0,1,0,0,0,0,1,2.99,3.59,3.59,3.59,2.3225,5.99,3.59,2.90415617283951,2.99,1.88,0,0,0,0,0,0,0,0,0,0,0,0,0,0,0,0,0,0,0,0,0,0,0,0,0,0,0,0,0,0,0,0,0,0,0,0,0,0,0,0,0,0,0,0,0,0,0,0,0,0,0,0,0,0,0,0,0,0,0,0
1,5,3,2.63870967741935,10,5,10,5,7,16,0,0,0,0,1,0,0,0,0,1,2.99,3.59,3.59,3.29342012288787,2,5.99,3.59,2.99,2.99,1.88,0,0,0,0,0,0,0,0,0,0,0,0,0,0,1,0,0,0,0,0,0,0,0,0,0,0,0,0,0,0,0,0,0,0,0,0,0,0,0,0,0,0,0,0,0,0,0,0,0,0,0,0,0,0,0,0,0,0,0,0
2,3,2.37209302325581,1,6,3,4,2,3,7,0,0,0,0,1,0,0,0,0,1,2.99,3.59,3.31025276854928,3.59,2.83333333333333,5.99,3.59,2.99,2.99,1.88,0,0,0,0,0,0,0,0,0,0,0,0,0,0,1,0,0,0,0,0,0,0,0,0,0,0,0,0,0,0,0,0,0,0,0,0,0,0,0,0,0,0,0,0,0,0,0,0,0,0,0,0,0,0,0,0,0,0,0,0
2,3,4,3,6,4,15,5,3,11,0,0,0,0,1,0,0,0,0,1,2.99,3.59,3.59,3.59,2.66666666666667,5.99,3.59,2.99,2.99,1.88,0,0,0,0,0,0,0,0,0,0,0,0,0,0,0,0,0,0,0,0,0,0,0,0,0,0,0,0,0,0,0,0,0,0,0,0,0,0,0,0,0,0,0,0,0,0,0,0,0,0,0,0,0,0,0,0,0,0,0,0
4,1,1,2.63870967741935,6,4,6,8,3,17,0,0,0,0,0,0,0,1,0,1,2.99,3.59,3.59,3.29342012288787,3.245,5.99,3.45666666666667,2.79,2.99,1.97882352941176,0,0,0,0,0,0,0,0,0,0,0,0,0,0,0,0,0,0,0,1,0,0,0,0,0,0,0,0,0,0,0,0,0,0,0,0,0,0,0,0,0,0,0,0,0,0,0,0,0,0,0,0,0,0,0,0,0,0,0,0
5,3,2,3,4,3,11,11,2,25,0,0,0,0,0,0,0,1,0,1,2.91,3.59,3.59,3.59,3.99,5.99,3.39,2.79,2.89,2,0,0,0,0,0,0,0,0,0,0,0,0,0,0,0,0,0,0,0,1,0,0,0,0,0,0,0,0,0,0,0,0,0,0,0,0,0,0,0,1,0,0,0,0,0,0,0,0,0,0,0,0,0,0,0,0,0,0,0,0
6,8,6,3,3,3,6,2,1,13,0,1,1,1,0,0,0,0,0,0,2.79,2.99,3.09,2.99,3.99,5.99,3.39,2.99,2.79,2,0,0,0,0,0,0,0,0,0,0,0,0,0,0,0,0,0,0,0,0,0,0,0,0,0,0,0,0,0,0,0,0,0,0,0,0,0,0,0,0,0,0,0,0,0,0,0,0,0,0,0,0,0,0,0,0,0,0,0,0
4,1,3,1,2,2,9,2,5.59550561797753,9,0,1,1,1,0,0,0,0,0,0,2.79,2.99,2.99,2.99,3.99,5.99,3.39,2.99,2.79674625468165,2,0,0,0,0,0,0,0,0,0,0,0,0,0,0,0,0,0,0,0,0,0,0,0,0,0,0,0,0,0,0,0,0,0,0,0,0,0,0,0,0,0,0,0,0,0,0,0,0,0,0,0,0,0,0,0,0,0,0,0,0
2,9,5,1,3,3,9,3,1,4,0,1,1,1,1,0,0,1,0,0,2.79,2.77111111111111,2.794,2.5,2.5,5.99,3.32444444444444,2.79,2.79,2,0,0,0,0,0,0,0,0,0,0,0,0,0,0,0,0,0,0,0,0,0,0,0,0,0,0,0,0,0,0,0,0,0,0,0,0,0,0,0,0,0,0,0,0,0,0,0,0,0,0,0,0,0,0,0,0,0,0,0,0
2,8,3,1,6,1,5,1,1,6,0,1,1,1,1,0,1,1,0,0,2.79,2.5,2.5,2.5,2.5,5.99,2.99,2.79,2.79,2.79,0,0,0,0,0,0,0,0,0,0,0,0,0,0,0,0,0,0,0,0,0,0,0,0,0,0,0,0,0,0,0,0,0,0,0,0,0,0,0,0,0,0,0,0,0,0,0,0,0,0,0,0,0,0,0,0,0,0,0,0
3,12,3,6,3,1,5,2,2,24,0,1,1,1,1,0,1,0,0,0,2.79,2.5,2.5,2.5,2.5,5.99,2.99,2.99,2.79,2.03291666666667,0,0,0,0,0,0,0,0,0,0,0,0,0,0,0,0,0,0,0,1,0,0,0,0,0,0,0,0,0,0,0,0,0,0,0,0,0,0,0,0,0,0,0,0,0,0,0,0,0,0,0,0,0,0,0,0,0,0,0,0
6,10,1,1,5,3,9,8,1,26,0,1,1,1,0,0,1,0,0,0,2.79,2.5,2.5,2.5,3.99,5.99,2.99,2.99,2.79,2.28846153846154,0,0,0,0,0,0,0,0,0,0,0,0,0,0,0,0,0,0,0,1,0,0,0,0,0,0,0,0,0,0,0,0,0,0,0,0,0,0,0,1,0,0,0,0,0,0,0,0,0,0,0,0,0,0,0,0,0,0,0,0
2,9,2,4,1,1,5,7,5,17,0,0,0,0,0,0,1,0,0,0,2.79,2.55444444444444,2.745,2.745,3.99,5.99,2.91,2.99,2.79,2.23529411764706,0,0,0,0,0,0,0,0,0,0,0,0,0,0,0,0,0,0,0,1,0,0,0,0,0,0,0,0,0,0,0,0,0,0,0,0,0,0,0,0,0,0,0,0,0,0,0,0,0,0,0,0,0,0,0,0,0,0,0,0
3,4,2,2,2,1,5,3,2,16,0,0,0,0,1,0,1,0,0,0,2.79,2.99,2.99,2.99,2.5,5.99,2.79,2.99,2.79,2.21875,0,0,0,0,0,0,0,0,0,0,0,0,0,0,0,0,0,0,0,0,0,0,0,0,0,0,0,0,0,0,0,0,0,0,0,0,0,0,0,0,0,0,0,0,0,0,0,0,0,0,0,0,0,0,0,0,0,0,0,0
4,5,1,1,9,2,7,6,2,8,0,0,0,0,1,0,1,0,0,0,2.79,3.07,2.99,2.99,2.5,5.99,2.79,2.89,2.79,2.60875,0,0,0,0,0,0,0,0,0,0,0,0,0,0,0,0,0,0,0,0,0,0,0,0,0,0,0,0,0,0,0,0,0,0,0,0,0,0,0,0,0,0,0,0,0,0,0,0,0,0,0,0,0,0,0,0,0,0,0,0
3,8,3,3,1,2,10,4,6,1,0,0,0,0,0,0,0,0,0,0,2.79,3.19,3.19,3.19,3.99,5.99,2.79,2.79,2.79,2.79,0,0,0,0,0,0,0,0,0,0,0,0,0,0,0,0,0,0,0,0,0,0,0,0,0,0,0,0,0,0,0,0,0,0,0,0,0,0,0,0,0,0,0,0,0,0,0,0,0,0,0,0,0,0,0,0,0,0,0,0
2,8,1,2,3,3,4,6,5.59550561797753,2,0,1,1,1,0,0,0,0,0,0,2.99,2.6725,2.5,2.5,3.95666666666667,6.15666666666667,2.89,2.95666666666667,2.79674625468165,2.79,0,0,0,0,0,0,0,0,0,0,0,0,0,0,0,0,0,0,0,0,0,0,0,0,0,0,0,0,0,0,0,0,0,0,0,0,0,0,0,0,0,0,0,0,0,0,0,0,0,0,0,0,0,0,0,0,0,0,0,0
2,8,3,3,9,2,4,2,4,2,0,1,1,1,1,0,0,0,0,0,2.99,2.5,2.5,2.5,2.65444444444444,6.49,3.19,2.99,2.99,3.29,0,0,0,0,0,0,0,0,0,0,0,0,0,0,0,0,0,0,0,0,0,0,0,0,0,0,0,0,0,0,0,0,0,0,0,0,0,0,0,0,0,0,0,0,0,0,0,0,0,0,0,0,0,0,1,0,0,0,0,0
5.06197183098592,9,2,6,8,5,4,3,3,1,0,1,1,1,1,0,0,0,0,0,2.78814084507042,2.57555555555556,2.5,2.5,2.5,6.49,3.19,2.99,2.99,3.29,0,0,0,0,0,0,0,0,0,0,0,0,0,0,0,0,0,0,0,0,0,0,0,0,0,0,0,0,0,0,0,0,0,0,1,0,0,0,0,0,0,0,0,0,0,0,0,0,0,0,0,0,0,0,0,0,0,0,0,0
3,10,2,3,9,2,8,5,2,3,0,1,1,1,1,0,0,1,0,0,2.99,2.5,2.5,2.5,2.5,6.49,3.19,2.79,2.99,3.39,0,0,0,0,0,0,0,0,0,0,0,0,0,0,0,0,0,0,0,0,0,0,0,0,0,0,0,0,0,0,0,0,0,0,0,0,0,0,0,0,0,0,0,0,0,0,0,0,0,0,0,0,0,0,0,0,0,0,0,0
5,17,6,2,2,4,7,3,1,3,0,1,1,1,1,0,0,1,0,0,2.99,2.5,2.5,2.5,2.99,6.49,3.19,2.79,2.99,3.39,0,0,0,0,0,0,0,0,0,0,0,0,0,0,0,0,0,0,0,0,0,0,0,0,0,0,0,0,0,0,0,0,0,0,0,0,0,0,0,0,0,0,0,0,0,0,0,0,0,0,0,0,0,0,0,0,0,0,0,0
5.06197183098592,10,5,2,6,1,13,6,6,20,0,1,1,1,1,0,0,0,0,1,2.78814084507042,2.845,2.5,2.845,3.59,6.49,3.19,2.92333333333333,2.99,2.139,0,0,0,0,0,0,0,0,0,0,0,0,0,0,0,0,0,0,0,1,0,0,0,0,0,0,0,0,0,0,0,0,0,0,0,0,0,0,0,0,0,0,0,0,0,0,0,0,0,0,0,0,0,0,0,0,0,0,0,0
4,6,2,4,4,3,9,2,1,33,0,0,0,0,0,0,0,0,0,1,2.99,3.19,3.19,3.19,3.89,6.49,3.19,2.99,2.99,2.10545454545455,0,0,0,0,0,0,0,0,0,0,0,0,0,0,0,0,0,0,0,1,0,0,0,0,0,0,0,0,0,0,0,0,0,0,0,0,0,0,0,0,0,0,0,0,0,0,0,0,0,0,0,0,0,0,0,0,0,0,0,0
5,6,1,2,1,5,17,5,2,10,0,0,0,0,0,0,0,1,0,1,2.99,3.19,3.19,3.19,3.89,6.49,3.04882352941176,2.79,2.99,2.29,0,0,0,0,0,0,0,0,0,0,0,0,0,0,0,0,0,0,0,0,0,0,0,0,0,0,0,0,0,0,0,0,0,0,0,0,0,0,0,0,0,0,0,0,0,0,0,0,0,0,0,0,0,0,0,0,0,0,0,0
2,3,2,2,3,1,12,3,7,9,0,0,0,0,0,0,0,1,0,1,2.99,3.19,3.19,3.19,3.89,6.49,2.99,2.79,2.99,2.29,0,0,0,0,0,0,0,0,0,0,0,0,0,0,0,0,0,0,0,0,0,0,0,0,0,0,0,0,0,0,0,0,0,0,0,0,0,0,0,0,0,0,0,0,0,0,0,0,0,0,0,0,0,0,0,0,0,0,0,0
2,3,1,1,3,7,14,3,2,17,0,0,0,0,1,0,0,1,0,1,2.99,3.19,3.19,3.19,3.29,6.49,2.99,2.85666666666667,2.99,2.03411764705882,0,0,0,0,0,0,0,0,0,0,0,0,0,0,0,0,0,0,0,0,0,0,0,0,0,0,0,0,0,0,0,0,0,0,0,0,0,0,0,0,0,0,0,0,0,0,0,0,0,0,0,0,0,0,0,0,0,0,0,0
4,12,2,2,3,5,14,6,3,20,0,0,0,0,1,0,0,0,0,1,2.99,3.19,3.19,3.19,2.99,6.49,2.99,2.99,2.99,2,0,0,0,0,0,0,0,0,0,0,0,0,0,0,0,0,0,0,0,0,0,0,0,0,0,0,0,0,0,0,0,0,0,0,0,0,0,0,0,0,0,0,0,0,0,0,0,0,0,0,0,0,0,0,0,0,0,0,0,0
3,7,4,1,5,2,15,8,1,9,0,0,0,0,1,0,0,0,0,1,2.99,3.19,3.19,3.19,3.35,6.49,2.99,2.84,2.99,2,0,0,0,0,0,0,0,0,0,0,0,0,0,0,0,0,0,0,0,0,0,0,0,0,0,0,0,0,0,0,0,0,0,0,0,0,0,0,0,0,0,0,0,0,0,0,0,0,0,0,0,0,0,0,0,0,0,0,0,0
1,3,2,1,3,4,14,2,3,8,0,0,0,0,0,0,0,1,0,1,2.99,3.19,3.19,3.19,3.89,6.49,3.005,2.79,2.99,2,0,0,0,0,0,0,0,0,0,0,0,0,0,0,0,0,0,0,0,0,0,0,0,0,0,0,0,0,0,0,0,0,0,0,0,0,0,0,0,0,0,0,0,0,0,0,0,0,0,0,0,0,0,0,0,0,0,0,0,0
7,6,3,2.63870967741935,6,3,17,5,6,11,0,0,0,0,0,0,0,1,0,0,2.99,3.19,3.19,3.29342012288787,3.89,6.49,3.01352941176471,2.79,2.99,2,0,0,0,0,0,0,0,0,0,0,0,0,0,0,0,0,0,0,0,0,0,0,0,0,0,0,0,0,0,0,0,0,0,0,0,0,0,0,0,0,0,0,0,0,0,0,0,0,0,0,0,0,0,0,0,0,0,0,0,0
4,6,4,3,4,5,17,2,2,4,0,0,1,0,1,0,0,1,0,0,2.99,3.05666666666667,2.99,3.05666666666667,2.5,6.49,3.00235294117647,2.79,2.99,2.3475,0,0,0,0,0,0,0,0,0,0,0,0,0,0,0,0,0,0,0,0,0,0,0,0,0,0,0,0,0,0,0,0,0,0,0,0,0,0,0,0,0,0,0,0,0,0,0,0,0,0,0,0,0,0,0,0,0,0,0,0
2,11,2,5,8,11,10,2,2,2,0,0,1,0,1,0,0,1,0,0,2.99,2.99,2.99,2.99,2.5,6.49,2.99,2.79,2.99,3.39,0,0,0,0,0,0,0,0,0,0,0,0,0,0,0,0,0,0,0,0,0,0,0,0,0,0,0,0,0,0,0,0,0,0,0,0,0,0,0,0,0,0,0,0,0,0,0,0,0,0,0,0,0,0,0,0,0,0,0,0
5,10,3,4,4,3,12,4,4,9,0,0,1,0,1,0,0,1,0,0,2.99,2.99,2.99,2.99,2.8475,6.49,2.99,2.79,2.99,2.5,0,0,0,0,0,0,0,0,0,0,0,0,0,0,0,0,0,0,0,1,0,0,0,0,0,0,0,0,0,0,0,0,0,0,0,0,0,0,0,1,0,0,0,0,0,0,0,0,0,0,0,0,0,0,0,0,0,0,0,0
6,13,3,2,4,1,9,2,6,21,0,0,1,0,0,0,0,0,0,0,2.99,2.99,2.99,2.99,3.89,6.49,2.99,2.79,2.99,2.5,0,0,0,0,0,0,0,0,0,0,0,0,0,0,0,0,0,0,0,0,0,0,0,0,0,0,0,0,0,0,0,1,1,0,0,0,0,0,0,0,0,0,0,0,0,0,0,0,0,0,0,0,0,0,0,0,0,0,0,0
3,10,3,3,4,3.05604719764012,16,2,1,16,0,0,1,0,0,0,1,0,0,1,2.99,2.996,2.99333333333333,2.99333333333333,3.89,6.54163365641242,2.714375,2.99,2.99,2.21875,0,0,0,0,0,0,0,0,0,0,0,0,0,0,0,0,0,0,0,1,0,0,0,0,0,0,0,0,0,0,0,0,0,0,0,0,0,0,0,1,0,0,0,0,0,0,0,0,0,0,0,0,0,0,0,0,0,0,0,0
5.06197183098592,7,6,3,2,7,19,3,7,22,0,0,1,0,0,0,1,0,0,1,2.78814084507042,3,3,3,3.89,6.49,2.5,2.99,2.99,2,0,0,0,0,0,0,0,0,0,0,0,0,0,0,0,0,0,0,0,0,0,0,0,0,0,0,0,0,0,0,0,0,0,0,0,0,1,0,0,0,0,0,0,0,0,0,0,0,0,0,0,0,0,0,0,0,0,0,0,0
1,15,4,4,4.83818770226537,3,10,1,6,14,0,0,1,0,0,0,1,0,0,1,2.99,3.01333333333333,3,3,3.39704926519004,6.49,2.658,2.99,2.99,2.09928571428571,0,0,0,0,0,0,0,0,0,0,0,0,0,0,0,0,0,0,0,0,0,0,0,0,0,0,0,0,0,0,0,0,0,0,0,0,0,0,0,0,0,0,0,0,0,0,0,0,0,0,0,0,0,0,0,0,0,0,0,0
6,8,1,8,2,2,6,1,1,11,0,0,0,0,0,0,0,0,0,0,2.99,3,3,3,3.89,6.49,3.29,2.99,2.99,3.39,0,0,0,0,0,0,0,0,0,0,0,0,0,0,0,0,0,0,0,0,0,0,0,0,0,0,0,0,0,0,0,0,0,0,0,0,0,0,0,0,0,0,0,0,0,0,0,0,0,0,0,0,0,0,0,0,0,0,0,0
1,8,1,2,5,2,6,1,5,21,0,0,0,0,0,0,0,1,0,1,2.99,3.095,3.19,3.19,3.89,6.49,3.29,2.79,2.99,2.06619047619048,0,0,0,0,0,0,0,0,0,0,0,0,0,0,0,0,0,0,0,1,0,0,0,0,0,0,0,0,0,0,0,0,0,0,0,0,0,0,0,1,0,0,0,0,0,0,0,0,0,0,0,0,0,0,0,0,0,0,0,0
5,9,2.37209302325581,2,3,2,6,5,4,36,0,0,0,0,0,0,0,1,0,1,2.99,3.19,3.31025276854928,3.19,3.89,6.49,3.29,2.79,2.99,2,0,0,0,0,0,0,0,0,0,0,0,0,0,0,0,0,0,0,0,1,0,0,0,0,0,0,0,0,0,0,0,0,0,0,0,0,0,0,0,0,0,0,0,0,0,0,0,0,0,0,0,0,0,0,0,0,0,0,0,0
3,7,1,1,3,3.05604719764012,7,15,5.59550561797753,28,0,0,0,0,0,0,0,1,0,1,2.99,3.19,3.19,3.19,3.89,6.54163365641242,3.29,2.79,2.79674625468165,2,0,0,0,0,0,0,0,0,0,0,0,0,0,0,0,0,0,0,0,1,0,0,0,0,0,0,0,0,0,0,0,0,0,0,0,0,0,0,0,1,0,0,0,0,0,0,0,0,0,0,0,0,0,0,0,0,0,0,0,0
5,5,3,2,5,5,5,7,5,24,0,0,0,0,0,0,0,1,0,1,2.99,3.19,3.19,3.19,3.89,6.49,3.29,2.79,2.99,2,0,0,0,0,0,0,0,0,0,0,0,0,0,0,0,0,0,0,0,1,0,0,0,0,0,0,0,0,0,0,0,0,0,0,0,0,0,0,0,0,0,0,0,0,0,0,0,0,0,0,0,0,0,0,0,0,0,0,0,0
2,3,6,3,3,7,9,7,1,20,0,0,0,0,0,0,0,1,0,1,2.99,3.19,3.19,3.19,3.89,6.49,3.29,2.79,2.99,2,0,0,0,0,0,0,0,0,0,0,0,0,0,0,0,0,0,0,0,0,0,0,0,0,0,0,0,0,0,0,0,0,0,0,0,0,0,0,0,0,0,0,0,0,0,0,0,0,0,0,0,0,0,0,0,0,0,0,0,0
2,7,1,2,2,3,4,2,6,45,0,0,1,0,0,0,0,0,0,1,2.99,3.08142857142857,3,3.095,3.89,6.49,3.29,2.99,2.99,2.03111111111111,0,0,0,0,0,0,0,0,0,0,0,0,0,0,0,0,0,0,0,1,0,0,0,0,0,0,0,0,0,0,0,0,0,0,0,0,0,0,0,0,0,0,0,0,0,0,0,0,0,0,0,0,0,0,0,0,0,0,0,0
3,12,4,4,2,2,9,3,1,33,0,0,1,0,0,0,0,0,0,1,2.99,3,3,3,3.89,6.49,3.29,2.99,2.99,2,0,0,0,0,0,0,0,0,0,0,0,0,0,0,0,0,0,0,0,1,0,0,0,0,0,0,0,0,0,0,0,0,0,0,0,0,0,0,0,1,0,0,0,0,0,0,0,0,0,0,0,0,0,0,0,0,0,0,0,0
1,8,4,2,3,3,4,4,2,15,0,0,1,0,1,0,0,0,0,1,2.99,3,3,3,2.99,6.49,3.29,2.89,2.99,2,0,0,0,0,0,0,0,0,0,0,0,0,0,0,0,0,0,0,0,0,0,0,0,0,0,0,0,0,0,0,0,0,0,0,0,0,0,0,0,0,0,0,0,0,0,0,0,0,0,0,0,0,0,0,0,0,0,0,0,0
2,15,3,6,5,3,4,3,2,2,0,0,1,0,1,0,0,0,0,0,2.99,3,3,3,2.99,6.49,3.29,2.79,2.99,3.59,0,0,0,0,0,0,0,0,0,0,0,0,0,0,0,0,0,0,0,0,0,0,0,0,0,0,0,0,0,0,0,0,0,0,0,0,0,0,0,0,0,0,0,0,0,0,0,0,0,0,0,0,0,0,0,0,0,0,0,0
5.06197183098592,5,2,4,2,3.05604719764012,5,3,5,2,0,0,0,0,1,0,0,0,0,0,2.78814084507042,3.038,3.19,3.095,2.99,6.54163365641242,3.29,2.79,2.99,3.59,0,0,0,0,0,0,0,0,0,0,0,0,0,0,0,0,0,0,0,0,0,0,0,0,0,0,0,0,0,0,0,0,0,0,0,0,0,0,0,0,0,0,0,0,0,0,0,0,0,0,0,0,0,0,0,0,0,0,0,0
7,4,1,1,4.83818770226537,5,4,7,3,1,0,0,0,0,0,0,0,0,0,0,2.99,3.19,3.19,3.19,3.39704926519004,6.49,3.29,2.79,2.99,3.59,0,0,0,0,0,0,0,0,0,0,0,0,0,0,0,0,0,0,0,0,0,0,0,0,0,0,0,0,0,0,0,0,0,0,0,0,0,0,0,0,0,0,0,0,0,0,0,0,0,0,0,0,0,0,0,0,0,0,0,0
6,3,2,4,3,3,10,9,6,8,0,0,0,0,0,0,0,0,0,1,2.99,3.19,3.19,3.19,3.89,6.49,3.29,2.99,2.99,2.3975,0,0,0,0,0,0,0,0,0,0,0,0,0,0,0,0,0,0,0,0,0,0,0,0,0,0,0,0,0,0,0,0,0,0,0,0,0,0,0,1,0,0,0,0,0,0,0,0,0,0,0,0,0,0,0,0,0,0,0,0
2,3,2,1,3,2,4,9,6,18,0,0,0,0,0,0,0,0,0,1,2.99,3.19,3.19,3.19,3.89,6.49,3.29,2.99,2.99,2,0,0,0,0,0,0,0,0,0,0,0,0,0,0,0,0,0,0,0,0,0,0,0,0,0,0,0,0,0,0,0,0,0,0,0,0,0,0,0,0,0,0,0,0,0,0,0,0,0,0,0,0,0,0,0,0,0,0,0,0
1,5,3,5,4.83818770226537,2,1,3,5,12,0,0,0,0,0,0,0,0,0,1,2.99,3.19,3.19,3.19,3.39704926519004,6.49,3.29,2.99,2.99,2.3225,0,0,0,0,0,0,0,0,0,0,0,0,0,0,0,0,0,0,0,0,0,0,0,0,0,0,0,0,0,0,0,0,0,0,0,0,0,0,0,0,0,0,0,0,0,0,0,0,0,0,0,0,0,0,0,0,0,0,0,0
3,4,1,3,1,3.05604719764012,6,6,5,4,0,0,0,0,0,0,0,0,0,1,2.99,3.19,3.19,3.19,3.89,6.54163365641242,3.29,2.99,2.99,3.29,0,0,0,0,0,0,0,0,0,0,0,0,0,0,0,0,0,0,0,0,0,0,0,0,0,0,0,0,0,0,0,0,0,0,0,0,0,0,0,0,0,0,0,0,0,0,0,0,0,0,0,0,0,0,0,0,0,0,0,0
1,4,2,1,11,3,3,1,6,13,0,0,0,0,1,0,0,0,0,1,2.99,3.19,3.19,3.19,1.97,6.49,3.29,2.99,2.99,3.29,0,0,0,0,0,0,0,0,0,0,0,0,0,0,0,0,0,0,0,0,0,0,0,0,0,0,0,0,0,0,0,0,0,0,0,0,0,0,0,0,0,0,0,0,1,0,0,0,0,0,0,0,0,0,0,0,0,0,0,0
5.06197183098592,3,2.37209302325581,2,8,3,7,2,1,6,0,0,0,0,1,0,0,0,0,1,2.78814084507042,3.19,3.31025276854928,3.19,2.1475,6.49,3.29,2.99,2.99,3.29,0,0,0,0,0,0,0,0,0,0,0,0,0,0,0,0,0,0,0,0,0,0,0,0,0,0,0,0,0,0,0,0,0,0,0,0,0,0,0,1,0,0,0,0,0,0,0,0,0,0,0,0,0,0,0,0,0,0,0,0
3,2,2,3,4,2,2,2,5.59550561797753,19.3267973856209,0,0,0,0,1,0,0,0,0,0,2.99,3.19,3.19,3.19,3.64,6.49,3.29,2.99,2.79674625468165,2.52230985668503,0,0,0,0,0,0,0,0,0,0,0,0,0,0,0,0,0,0,0,0,0,0,0,0,0,0,0,0,0,0,0,0,0,0,0,0,0,0,0,0,0,0,0,0,0,0,0,0,0,0,0,0,0,0,0,0,0,0,0,0
3,8,1,4,4.83818770226537,3,4,5.08611111111111,3,19.3267973856209,0,0,0,0,0,0,0,0,0,0,2.99,3.19,3.19,3.19,3.39704926519004,6.49,3.29,2.90415617283951,2.99,2.52230985668503,0,0,0,0,0,0,0,0,0,0,0,0,0,0,0,0,0,0,0,0,0,0,0,0,0,0,0,0,0,0,0,0,0,0,0,0,0,0,0,0,0,0,0,0,0,0,0,0,0,0,0,0,0,0,0,0,0,0,0,0
1,4,1,3,1,3,6,3,3,19.3267973856209,0,0,0,0,0,0,0,1,0,0,3.15,3.27,3.35,3.29666666666667,4.09,6.49,3.29,2.79,3.09666666666667,2.52230985668503,0,0,0,0,0,0,0,0,0,0,0,0,0,0,0,0,0,0,0,0,0,0,0,0,0,0,0,0,0,0,0,0,0,0,0,0,0,0,0,0,0,0,0,0,0,0,0,0,0,0,0,0,0,0,0,0,0,0,0,0
1,6,5,1,1,5,6,3,3,19.3267973856209,0,0,0,0,0,0,0,1,0,0,3.15,3.1,3.23,3.05,4.09,6.49,3.29,2.79,3.15,2.52230985668503,0,0,0,0,0,0,0,0,0,0,0,0,0,0,0,0,0,0,0,0,0,0,0,0,0,0,0,0,0,0,0,0,0,0,0,0,0,0,0,0,0,0,0,0,0,0,0,0,0,0,0,0,0,0,0,0,0,0,0,0
3,5,3,5,1,1,7,2,3,19.3267973856209,0,0,1,0,0,0,0,1,0,0,3.15,3.05,3.05,3.05,4.09,6.49,3.29,2.79,3.15,2.52230985668503,0,0,0,0,0,0,0,0,0,0,0,0,0,0,0,0,0,0,0,0,0,0,0,0,0,0,0,0,0,0,0,0,0,0,0,0,0,0,0,0,0,0,0,0,0,0,0,0,0,0,0,0,0,0,0,0,0,0,0,0
2,5,2,4,4,5,7,1,2,19.3267973856209,0,0,1,0,0,0,1,0,0,0,3.15,3.05,3.05,3.05,4.09,6.49,2.99,2.99,3.15,2.52230985668503,0,0,0,0,0,0,0,0,0,0,0,0,0,0,0,0,0,0,0,0,0,0,0,0,0,0,0,0,0,0,0,0,0,0,0,0,0,0,0,0,0,0,0,0,0,0,0,0,0,0,0,0,0,0,0,0,0,0,0,0
3,5,3,6,3,1,9,2,3,19.3267973856209,0,0,1,0,0,0,1,0,0,0,3.15,3.05,3.05,3.05,4.09,6.49,2.99,2.99,3.15,2.52230985668503,0,0,0,0,0,0,0,0,0,0,0,0,0,0,0,0,0,0,0,0,0,0,0,0,0,0,0,0,0,0,0,0,0,0,0,0,0,0,0,0,0,0,0,0,0,0,0,0,0,0,0,0,0,0,0,0,0,0,0,0
1,5,2,2,2,6,22,5.08611111111111,3,19.3267973856209,0,0,0,0,0,0,1,0,0,0,3.15,3.29,3.2,3.35,4.09,6.49,2.67818181818182,2.90415617283951,3.15,2.52230985668503,0,0,0,0,0,0,0,0,0,0,0,0,0,0,0,0,0,0,0,0,0,0,0,0,0,0,1,0,0,0,0,0,0,0,1,0,0,0,0,0,0,0,0,0,0,0,0,0,0,0,0,0,0,0,0,0,0,0,0,0
2,4,2,4,4,3.05604719764012,10,5,5.59550561797753,19.3267973856209,0,0,0,0,1,0,1,0,0,0,3.15,3.35,3.35,3.35,2.99,6.54163365641242,2.597,3.174,2.79674625468165,2.52230985668503,0,0,0,0,0,0,0,0,0,0,0,0,0,0,0,0,0,0,0,0,0,0,0,0,0,0,0,0,0,0,0,0,0,0,0,0,0,0,0,0,0,0,0,0,0,0,0,0,0,0,0,0,0,0,0,0,0,0,0,0
3,8,6,3,2,3,7,4,5.59550561797753,19.3267973856209,0,0,0,0,1,0,0,0,0,0,3.15,3.125,3.1,3.05,3.54,6.49,3.11857142857143,3.3,2.79674625468165,2.52230985668503,0,0,0,0,0,0,0,0,0,0,0,0,0,0,0,0,0,0,0,0,0,0,0,0,0,0,0,0,0,0,0,0,0,0,0,0,0,0,0,0,0,0,0,0,0,0,0,0,0,0,0,0,0,0,0,0,0,0,0,0
1,15,2.37209302325581,4,4,4,9,3,5,19.3267973856209,0,1,0,1,0,0,0,0,0,0,3.15,2.83,3.31025276854928,2.775,4.09,6.49,3.29,3.15,3.15,2.52230985668503,0,0,0,0,0,0,0,0,0,0,0,0,0,0,0,0,0,0,0,0,0,0,0,0,0,0,0,0,0,0,0,1,0,1,0,0,0,0,0,0,0,0,0,0,0,0,0,0,0,0,0,0,0,0,0,0,0,0,0,0
2,9,2,5,9,1,6,6,4,19.3267973856209,0,1,0,1,1,0,0,0,0,0,3.15,2.74444444444444,3.2,2.5,3.11222222222222,6.49,3.29,3.15,3.15,2.52230985668503,0,0,0,0,0,0,0,0,0,0,0,0,0,0,0,0,0,0,0,0,0,0,0,0,0,0,0,0,0,0,0,0,0,0,1,0,0,0,0,0,0,0,0,0,0,0,0,0,0,0,0,0,0,0,0,0,0,0,0,0
1,7,1,5,4,3,8,7,6,19.3267973856209,0,0,0,0,1,0,0,0,0,0,3.15,3.05,3.05,3.05,2.99,6.49,3.29,3.15,3.15,2.52230985668503,0,0,0,0,0,0,0,0,0,0,0,0,0,0,0,0,0,0,0,0,0,0,0,0,0,0,0,0,0,0,0,0,0,0,0,0,0,0,0,0,0,0,0,0,0,0,0,0,0,0,0,0,0,0,0,0,0,0,0,0
2,2,2,2,3,5,6,5,3,19.3267973856209,0,0,0,0,1,0,0,0,0,0,3.15,3.35,3.35,3.35,3.35666666666667,6.49,3.29,3.33,3.15,2.52230985668503,0,0,0,0,0,0,0,0,0,0,0,0,0,0,0,0,0,0,0,0,0,0,0,0,0,0,0,0,0,0,0,0,0,0,0,0,0,0,0,0,0,0,0,0,0,0,0,0,0,0,0,0,0,0,0,0,0,0,0,0
5.06197183098592,2,1,3,1,1,6,6,4,19.3267973856209,0,0,0,0,0,0,0,0,0,0,2.78814084507042,3.35,3.35,3.35,4.09,6.49,3.29,3.45,3.15,2.52230985668503,0,0,0,0,0,0,0,0,0,0,0,0,0,0,0,0,0,0,0,0,0,0,0,0,0,0,0,0,0,0,0,0,0,0,0,0,0,0,0,0,0,0,0,0,0,0,0,0,0,0,0,0,0,0,0,0,0,0,0,0
2,5,1,2,2,1,3,3,5,19.3267973856209,0,0,0,0,1,0,0,0,0,0,3.15,3.35,3.35,3.35,3.54,6.49,3.29,3.45,3.15,2.52230985668503,0,0,0,0,0,0,0,0,0,0,0,0,0,0,0,0,0,0,0,0,0,0,0,0,0,0,0,0,0,0,0,0,0,0,0,0,0,0,0,0,0,0,0,0,0,0,0,0,0,0,0,0,0,0,0,0,0,0,0,0
2,3,2,5,7,3,3,5,1,19.3267973856209,0,0,0,0,1,0,0,0,0,0,3.15,3.35,3.35,3.35,2.99,6.49,3.29,3.45,3.15,2.52230985668503,0,0,0,0,0,0,0,0,0,0,0,0,0,0,0,0,0,0,0,0,0,0,0,0,0,0,0,0,0,0,0,0,0,0,1,0,0,0,0,0,0,0,0,0,0,0,0,0,0,0,0,0,0,0,0,0,0,0,0,0
1,2,4,2,4,3.05604719764012,5,2,1,19.3267973856209,0,0,0,0,1,0,0,0,0,0,3.15,3.35,3.35,3.35,2.99,6.54163365641242,3.29,3.45,3.15,2.52230985668503,0,0,0,0,0,0,0,0,0,0,0,0,0,0,0,0,0,0,0,0,0,0,0,0,0,0,0,0,0,0,0,0,0,0,0,0,0,0,0,0,0,0,0,0,0,0,0,0,0,0,0,0,0,0,0,0,0,0,0,0
4,7,1,5,6,6,8,9,5,19.3267973856209,0,1,1,0,1,0,0,0,0,0,3.15,3.09285714285714,3.05,3.17,2.065,6.49,3.29,3.27222222222222,3.15,2.52230985668503,0,0,0,0,0,0,0,0,0,0,0,0,0,0,0,0,0,0,0,0,0,0,0,0,0,0,0,0,0,0,0,0,0,0,1,0,0,0,0,0,0,0,0,0,0,0,0,0,0,0,0,0,0,0,0,0,0,0,0,0
2,5,4,4,4,3,24,5,1,19.3267973856209,0,1,1,1,1,0,1,1,0,0,3.15,3.05,3.05,3.05,2.4325,6.49,2.66458333333333,3.25,3.15,2.52230985668503,0,0,0,0,0,0,0,0,0,0,0,0,0,0,0,0,1,0,0,0,0,0,0,0,0,0,0,0,0,0,0,0,0,0,0,0,1,0,0,0,0,0,0,0,0,0,0,0,0,0,0,0,0,0,0,0,0,0,0,0
3,8,2,4,2,3,17,6,4,19.3267973856209,0,1,1,1,0,0,1,1,0,0,3.19666666666667,3.05,3.05,3.05,4.12,6.49,2.83176470588235,3.25,3.22,2.52230985668503,0,0,0,0,0,0,0,0,0,0,0,0,0,0,0,0,0,0,0,0,0,0,0,0,0,0,0,0,0,0,0,0,0,0,0,0,0,0,0,0,0,0,0,0,0,0,0,0,0,0,0,0,0,0,0,0,0,0,0,0
2,4,1,2,2,1,2,4,4,19.3267973856209,0,1,1,1,0,0,0,1,0,0,3.29,3.05,3.05,3.05,4.15,6.69,3.59,3.25,3.29,2.52230985668503,0,0,0,0,0,0,0,0,0,0,0,0,0,0,0,0,0,0,0,0,0,0,0,0,0,0,0,0,0,0,0,0,0,0,0,0,0,0,0,0,0,0,0,0,0,0,0,0,0,0,0,0,0,0,0,0,0,0,0,0
5,4,3,4,4.83818770226537,2,10,2,5.59550561797753,19.3267973856209,0,0,1,0,0,0,0,0,0,0,3.29,3.59,3.23,3.32,3.39704926519004,6.69,3.59,3.45,2.79674625468165,2.52230985668503,0,0,0,0,0,0,0,0,0,0,0,0,0,0,0,0,0,0,0,0,0,0,0,0,0,0,0,0,0,0,0,0,0,0,0,0,0,0,0,0,0,0,0,0,0,0,0,0,0,0,0,0,0,0,0,0,0,0,0,0
4,5,4,5,5,5,15,1,5,19.3267973856209,0,0,0,0,0,0,0,0,0,0,3.29,3.59,3.59,3.59,4.15,6.69,3.59,3.45,3.29,2.52230985668503,0,0,0,0,0,0,0,0,0,0,0,0,0,0,0,0,0,0,0,0,0,0,0,0,0,0,0,0,0,0,0,0,0,0,0,0,0,0,0,0,0,0,0,0,0,0,0,0,0,0,0,0,0,0,0,0,0,0,0,0
4,5,1,4,3,5,7,5,1,19.3267973856209,0,0,0,0,1,0,0,0,0,0,3.29,3.59,3.59,3.59,3.38333333333333,6.75,3.59,3.45,3.29,2.52230985668503,0,0,0,0,0,0,0,0,0,0,0,0,0,0,0,0,0,0,0,0,0,0,0,0,0,0,0,0,0,0,0,0,0,0,0,0,0,0,0,0,0,0,0,0,0,0,0,0,0,0,0,0,0,0,0,0,0,0,0,0
6,2,1,1,4,3,6,4,8,19.3267973856209,0,0,0,0,1,0,0,0,0,0,3.29,3.59,3.59,3.59,3,6.99,3.59,3.45,3.29,2.52230985668503,0,0,0,0,0,0,0,0,0,0,0,0,0,0,0,0,0,0,0,0,0,0,0,0,0,0,0,0,0,0,0,0,0,0,0,0,0,0,0,0,0,0,0,0,0,0,0,0,0,0,0,0,0,0,0,0,0,0,0,0
3,6,3,3,7,5,23,3,5,19.3267973856209,0,0,0,0,1,0,1,1,0,0,3.29,3.59,3.59,3.59,3.32857142857143,6.99,3.31608695652174,3.25,3.29,2.52230985668503,0,0,0,0,0,0,0,0,0,0,0,0,0,0,0,0,0,0,0,0,0,0,0,0,0,0,0,0,0,0,0,0,0,0,0,0,0,0,0,0,0,0,0,0,0,0,0,0,0,0,0,0,0,0,1,0,0,0,0,0
5.06197183098592,3,2.37209302325581,1,3,1,38,4,1,19.3267973856209,0,0,0,0,0,0,1,1,0,0,2.78814084507042,3.59,3.31025276854928,3.59,4.15,6.99,2.74973684210526,3.25,3.29,2.52230985668503,0,0,0,0,0,0,0,0,0,0,0,0,0,0,0,0,1,0,0,0,0,0,0,0,0,0,0,0,0,0,0,0,0,0,0,0,1,0,0,0,0,0,0,0,0,0,0,0,0,0,0,0,0,0,0,0,0,0,0,0
4,5,4,4,2,2,21,2,1,19.3267973856209,0,0,0,0,0,0,1,1,0,0,3.29,3.59,3.59,3.59,4.15,6.99,2.85333333333333,3.25,3.29,2.52230985668503,0,0,0,0,0,0,0,0,0,0,0,0,0,0,0,0,1,0,0,0,0,0,0,0,0,0,0,0,0,0,0,0,0,0,0,0,0,0,0,0,0,0,0,0,0,0,0,0,0,0,0,0,0,0,0,0,0,0,0,0
5,4,3,4,5,3,16,9,3,19.3267973856209,0,0,0,0,0,0,1,1,0,0,3.29,3.59,3.59,3.59,4.15,6.99,3.29,3.25,3.29,2.52230985668503,0,0,0,0,0,0,0,0,0,0,0,0,0,0,0,0,1,0,0,0,0,0,0,0,0,0,0,0,0,0,0,0,0,0,0,0,0,0,0,0,0,0,0,0,0,0,0,0,0,0,0,0,0,0,0,0,0,0,0,0
9,5,2,6,5,2,10,1,6,19.3267973856209,0,0,0,0,0,0,1,1,0,0,3.29,3.59,3.59,3.59,4.15,6.99,3.29,3.25,3.29,2.52230985668503,0,0,0,0,0,0,0,0,0,0,0,0,0,0,0,0,0,0,0,0,0,0,0,0,0,0,0,0,0,0,0,0,0,0,0,0,0,0,0,0,0,0,0,0,0,0,0,0,0,0,0,0,0,0,0,0,0,0,0,0
5,3,3,2,2,2,20,2,3,19.3267973856209,0,0,0,0,1,0,1,0,0,0,3.29,3.59,3.59,3.59,2.99,6.99,3.2355,3.45,3.29,2.52230985668503,0,0,0,0,0,0,0,0,0,0,0,0,0,0,0,0,1,0,0,0,0,0,0,0,0,0,0,0,0,0,0,0,0,0,0,0,0,0,0,0,0,0,0,0,0,0,0,0,0,0,0,0,0,0,0,0,0,0,0,0
8,3,4,2.63870967741935,10,5,17,2,4,19.3267973856209,0,0,0,0,1,0,0,0,0,0,3.29,3.59,3.59,3.29342012288787,2.99,6.99,3.41352941176471,3.45,3.29,2.52230985668503,0,0,0,0,0,0,0,0,0,0,0,0,0,0,0,0,0,0,0,0,0,0,0,0,0,0,0,0,0,0,0,0,0,0,0,0,0,0,0,0,0,0,0,0,0,0,0,0,0,0,0,0,0,0,0,0,0,0,0,0
5,2,3,2,3,2,13,6,5.59550561797753,19.3267973856209,0,0,0,0,1,0,0,0,0,0,3.29,3.59,3.69,3.74,3.37666666666667,7.59,3.59,3.45,2.79674625468165,2.52230985668503,0,0,0,0,0,0,0,0,0,0,0,0,0,0,0,0,0,0,0,0,0,0,0,0,0,0,0,0,0,0,0,0,0,0,0,0,0,0,0,0,0,0,0,0,0,0,0,0,0,0,0,0,0,0,0,0,0,0,0,0
9,5.0932944606414,1,4,4,2,8,5,6,19.3267973856209,0,0,0,0,1,0,0,0,0,0,3.59,3.30407825443102,3.89,3.89,2.99,7.59,3.59,3.79,3.59,2.52230985668503,0,0,0,0,0,0,0,0,0,0,0,0,0,0,0,0,0,0,0,0,0,0,0,0,0,0,0,0,0,0,0,0,0,0,0,0,0,0,0,0,0,0,0,0,0,0,0,0,0,0,0,0,0,0,0,0,0,0,0,0
5,5,3,3,10,2,14,5,2,19.3267973856209,0,0,0,0,1,0,0,0,0,0,3.59,3.89,3.89,3.89,2.99,7.59,3.59,3.79,3.59,2.52230985668503,0,0,0,0,0,0,0,0,0,0,0,0,0,0,0,0,0,0,0,0,0,0,0,0,0,0,0,0,0,0,0,0,0,0,1,0,0,0,0,0,0,0,0,0,0,1,1,0,0,0,0,0,0,0,0,0,0,0,0,0
5,3,4,5,4,7,26,6,2,19.3267973856209,0,0,0,0,1,0,1,0,0,0,3.59,3.89,3.89,3.89,2.99,7.64714285714286,3.35923076923077,3.59,3.59,2.52230985668503,0,0,0,0,0,0,0,0,0,0,0,0,0,0,0,0,0,0,0,0,0,0,0,0,0,0,0,0,0,0,0,0,0,0,0,0,0,0,0,0,0,0,0,0,0,1,1,0,0,0,0,0,0,0,0,0,0,0,0,0
11,5.0932944606414,1,5,2,8,15,6,4,19.3267973856209,0,0,0,0,0,0,1,0,0,0,3.59,3.30407825443102,3.89,3.89,4.15,7.99,3.29,3.59,3.59,2.52230985668503,0,0,0,0,0,0,0,0,0,0,0,0,0,0,0,0,0,0,0,0,0,0,0,0,0,0,0,0,0,0,0,0,0,0,0,0,0,0,0,0,0,0,0,0,0,1,1,0,0,0,0,0,0,0,0,0,0,0,0,0
5,9,5,2,2,1,11,7,6,19.3267973856209,0,0,0,0,0,0,1,0,0,0,3.59,3.89,3.89,3.89,4.15,7.99,3.31545454545455,3.59,3.59,2.52230985668503,0,0,0,0,0,0,0,0,0,0,0,0,0,0,0,0,0,0,0,0,0,0,0,0,0,0,0,0,0,0,0,0,0,0,0,0,0,0,0,0,0,0,0,0,0,0,0,0,0,0,0,0,0,0,0,0,0,0,0,0
6,4,2,2,2,2,16,2,3,19.3267973856209,0,0,0,0,1,0,1,0,0,0,3.59,3.89,3.89,3.89,1.25,7.99,3.29,3.59,3.59,2.52230985668503,0,0,0,0,0,0,0,0,0,0,0,0,0,0,0,0,0,0,0,0,0,0,0,0,0,0,0,0,0,0,0,0,0,0,1,0,0,0,0,0,0,0,0,0,0,0,0,0,0,0,0,0,0,0,0,0,0,0,0,0
6,6,8,7,6,3,9,6,2,19.3267973856209,0,1,1,1,1,0,0,0,0,0,3.59,2.96333333333333,2.67375,2.69857142857143,1.73333333333333,7.99,3.66333333333333,4.09,3.59,2.52230985668503,0,0,0,0,0,0,0,0,0,0,0,0,0,0,0,0,0,0,0,0,0,0,0,0,0,0,0,0,0,0,0,1,1,1,0,0,0,0,0,0,0,0,0,0,0,0,0,0,0,0,0,0,0,0,0,0,0,0,0,0
4,12,9,5,4.83818770226537,3,7,2,3,19.3267973856209,0,1,1,1,0,0,0,0,0,0,3.59,2.61666666666667,2.5,2.5,3.39704926519004,7.99,3.85,4.09,3.59,2.52230985668503,0,0,0,0,0,0,0,0,0,0,0,0,0,0,0,0,0,0,0,0,0,0,0,0,0,0,0,0,0,0,0,0,0,0,0,0,0,0,0,0,0,0,0,0,0,0,0,0,0,0,0,0,0,0,0,0,0,0,0,0
2,19,5,8,4,5,8,4,2,19.3267973856209,0,1,1,1,1,0,0,0,0,0,3.59,2.5,2.5,2.5,2.99,7.99,3.85,4.09,3.59,2.52230985668503,0,0,0,0,0,0,0,0,0,0,0,0,0,0,0,0,0,0,0,0,0,0,0,0,0,0,0,0,0,0,0,0,0,0,1,0,0,0,0,0,0,0,0,0,0,0,0,0,0,0,0,0,0,0,0,0,0,0,0,0
3,11,5,3,6,2,5,1,4,19.3267973856209,0,1,1,1,1,0,0,0,0,0,3.62333333333333,2.5,2.5,2.5,3.54,7.99,3.85,4.09,3.615,2.52230985668503,0,0,0,0,0,0,0,0,0,0,0,0,0,0,0,0,0,0,0,0,0,0,0,0,0,0,0,0,0,0,0,0,0,0,0,0,0,0,0,0,0,0,0,0,0,0,0,0,0,0,0,0,0,0,0,0,0,0,0,0
4,4,2,3,2,3.05604719764012,5,5,3,19.3267973856209,0,1,0,1,0,0,0,0,0,0,3.69,3.7375,4.15,3.6,4.15,6.54163365641242,3.85,3.93,3.69,2.52230985668503,0,0,0,0,0,0,0,0,0,0,0,0,0,0,0,0,0,0,0,0,0,0,0,0,0,0,0,0,0,0,0,0,0,0,0,0,0,0,0,0,0,0,0,0,0,0,0,0,0,0,0,0,0,0,0,0,0,0,0,0
4,1,2,2,9,1,4,1,6,19.3267973856209,0,0,0,0,1,0,0,0,0,0,3.69,4.15,4.15,4.15,2.31,7.99,3.85,3.89,3.69,2.52230985668503,0,0,0,0,0,0,0,0,0,0,0,0,0,0,0,0,0,0,0,0,0,0,0,0,0,0,0,0,0,0,0,0,0,0,0,0,0,0,0,0,0,0,0,0,1,0,0,0,0,0,0,0,0,0,0,0,0,0,0,0
3,4,2,6,10,3,4,9,9,19.3267973856209,0,0,0,0,1,0,0,0,0,0,3.69,4.15,4.15,4.15,2.512,7.99,3.85,3.89,3.69,2.52230985668503,0,0,0,0,0,0,0,0,0,0,0,0,0,0,0,0,0,0,0,0,0,0,0,0,0,0,0,0,0,0,0,0,0,0,0,0,0,0,0,0,0,0,0,0,1,0,0,0,0,0,0,0,0,0,0,0,0,0,0,0
9,2,2,2,2,2,10,2,2,19.3267973856209,0,0,0,0,0,0,0,0,0,0,3.69,4.15,4.15,4.15,4.35,7.99,3.85,3.89,3.69,2.52230985668503,0,0,0,0,0,0,0,0,0,0,0,0,0,0,0,0,0,0,0,0,0,0,0,0,0,0,0,0,0,0,0,0,0,0,0,0,0,0,0,0,0,0,0,0,0,0,0,0,0,0,0,0,0,0,0,0,0,0,0,0
13,3,2,5,3,3,23,2,5.59550561797753,19.3267973856209,0,0,0,0,0,0,1,0,0,0,3.69,4.15,4.15,4.15,4.35,7.99,3.10217391304348,4.09,2.79674625468165,2.52230985668503,0,0,0,0,0,0,0,0,0,0,0,0,0,0,0,0,0,0,0,0,0,0,0,0,0,0,0,0,0,0,0,0,0,0,0,0,1,0,0,0,0,0,0,0,0,0,0,0,0,0,0,0,0,0,0,0,0,0,0,0
6,5.0932944606414,2.37209302325581,4,2,2,17,5,3,19.3267973856209,0,0,0,0,0,0,1,0,0,0,3.69,3.30407825443102,3.31025276854928,4.15,4.35,7.99,2.99,4.09,3.69,2.52230985668503,0,0,0,0,0,0,0,0,0,0,0,0,0,0,0,0,0,0,0,0,0,0,0,0,0,0,0,0,0,0,0,0,0,0,0,0,0,0,0,0,0,0,0,0,0,0,0,0,0,0,0,0,0,0,0,0,0,0,0,0
9,1,2.37209302325581,4,12,4,21,5,4,19.3267973856209,0,0,0,0,1,0,1,0,0,0,3.69,4.15,3.31025276854928,4.15,1.88,7.99,2.99,4.09,3.69,2.52230985668503,0,0,0,0,0,0,0,0,0,0,0,0,0,0,0,0,0,0,0,0,0,0,0,0,0,0,0,0,0,0,0,0,0,0,1,0,0,0,0,0,0,0,0,0,0,0,0,0,0,0,0,0,0,0,0,0,0,0,0,0
5,1,4,2.63870967741935,11,1,22,1,2,19.3267973856209,0,0,0,0,1,0,1,0,0,0,3.69,4.15,4.15,3.29342012288787,2.08181818181818,7.99,2.99,4.09,3.69,2.52230985668503,0,0,0,0,0,0,0,0,0,0,0,0,0,0,0,0,0,0,0,0,0,0,0,0,0,0,0,0,0,0,0,0,0,0,0,0,0,0,0,0,0,0,0,0,0,0,0,0,0,0,0,0,0,0,0,0,0,0,0,0
