,0_1_25293_60025,0_1_25293_60027,0_1_25293_60039,0_1_28000_58454,0_1_49900_27268,0_2_25293_60037,0_2_28000_24610,7_1_42365_22800,7_1_42365_22820,7_1_42365_22840,7_1_42365_26400,7_1_42365_26410,7_1_42365_26420,7_1_42365_26440,88_6_99998_59442,88_6_99998_59443,88_6_99998_59444,88_6_99998_59461,88_6_99998_59486,88_6_99998_59492,88_6_99998_59494,88_6_99998_59504,88_6_99998_59509,88_6_99998_59518,88_6_99998_59519,88_6_99998_59520,88_6_99998_59525,88_6_99998_59546,88_6_99998_59547,88_6_99998_59548,88_6_99998_59549,88_6_99998_59597,88_6_99998_59601,88_6_99998_59649,88_6_99998_59651,88_6_99998_59689
Discount,0.0,0.0,0.0,0.21529601382592933,0.0,0.0,0.0,0.0,-0.0,0.0,0.0,0.0,0.0,0.0,-0.0,0.0,-0.0,0.0,-0.0,-0.0,0.0,-0.0,0.0,-0.0,0.0,-0.0,0.0,-0.0,-0.0,0.0,0.0,0.0,0.0,0.0,-0.0,0.0
Feature,0.0,0.0,0.0,0.0,0.0,-0.0,0.0,0.0,0.0,0.0,1.9800830926548059,0.0,26.109286446658388,0.0,0.0,0.0,-0.0,-0.0,0.30976315831020745,-0.0,0.0,0.0,5.0041355252092465,-0.0,-0.0,8.207573954366126,4.154206044636429,-0.0,0.0,-0.0,-0.0,0.0,0.0,-0.0,0.0,0.0
Display,0.0,0.0,0.0,0.0,0.0,0.0,0.0,0.0,0.0,0.0,0.0,0.0,0.0,0.0,0.0,0.0,0.0,0.0,0.0,0.0,0.0,0.0,0.0,0.0,0.0,0.0,0.0,0.0,0.0,0.0,0.0,0.0,0.0,0.0,0.0,0.0
Discountlag,0.0,0.0,0.0,0.0,0.0,0.0,0.0,0.0,0.0,-0.0,0.0,0.0,0.0,0.0,-0.0,0.0,-0.0,0.0,-0.0,-0.0,0.0,-0.0,-0.0,-0.0,-0.0,-0.0,0.0,-0.0,-0.0,0.0,-0.0,0.0,0.0,0.0,-0.0,0.0
Featurelag,0.0,0.0,0.0,0.0,0.0,0.0,0.0,0.0,0.0,0.0,0.0,0.0,0.0,0.0,-0.0,0.0,0.0,0.0,-0.0,-0.0,-0.0,0.0,-0.0,-0.0,0.0,6.498107581673093,-4.666622247759042,-0.0,0.0,1.5155242162521345,0.0,0.0,0.0,0.0,0.0,0.0
Displaylag,0.0,0.0,0.0,0.0,0.0,0.0,0.0,0.0,0.0,0.0,0.0,0.0,0.0,0.0,0.0,0.0,0.0,0.0,0.0,0.0,0.0,0.0,0.0,0.0,0.0,0.0,0.0,0.0,0.0,0.0,0.0,0.0,0.0,0.0,0.0,0.0
Saleslag,0.3419795208979174,0.36477188549130546,0.2564473569453473,0.18053723224161977,0.10860869812087062,0.3359816286101283,0.3757291758173156,0.4129816617759961,0.5022484625353122,0.4962772972000289,0.46338471218020993,0.314083187688966,0.48553788342461457,0.44081923806027407,0.03113481577194643,0.12429026359669434,0.21694779943496412,0.2087214600295027,0.20988043887305127,0.27850983344217606,0.2594484542330349,0.03594646436333271,0.4531418067347326,0.09711838985060331,0.14030647248332892,0.15671524717814914,0.3038587121876078,0.07093322655455454,0.25292220705408575,0.21655299881979287,0.014271413736693828,0.3594148465785863,0.28148711451387753,-0.0,0.0,0.35617311309566835
Sales_mov_avg,0.32818362219529296,0.01510111456507341,0.32649605057695696,0.0,0.601132788203597,0.33531966784712486,0.11109124929873693,0.5119710765559623,0.4133803983174286,0.328879878237075,0.2582270296299207,0.4201290526021376,0.1839956045585306,0.3082342861210115,0.3457917957716918,0.8059818570887958,0.6696487412168451,0.7603354059833493,0.700411839653416,0.4033063404699126,0.6231782300623544,0.8764836096135039,0.5205454195809123,0.6111988381512136,0.8118310598205504,0.7493709620710233,0.5738618679902178,0.6976377464263024,0.660460016885932,0.581643885504562,0.9654319453043703,0.4944177148027655,0.4000603795630443,0.5869378313128598,0.6397033860003267,0.3941051319239356
Halloween,-0.0,0.0,0.0,0.0,0.0,0.0,0.0,0.0,0.0,0.0,0.0,-0.0,0.0,0.0,-0.0,-0.0,-0.0,-0.0,0.0,-0.0,-0.0,0.0,0.0,0.0,-0.0,0.0,-0.0,0.0,-0.0,-0.0,-0.0,-0.0,0.0,-0.0,-0.0,0.0
Halloween_1,-0.0,-0.0,0.0,-0.0,-0.0,0.0,0.0,0.0,-0.0,0.0,-0.0,0.0,-0.0,0.0,-0.0,-0.0,0.0,-0.0,-0.0,0.0,-0.0,0.0,-0.0,0.0,0.0,0.0,0.0,-0.0,0.0,-0.0,-0.0,0.0,-0.0,0.0,-0.0,0.0
Thanksgiving,-0.0,0.0,-0.0,0.0,0.0,0.0,-0.0,0.0,-0.0,-0.0,-0.0,0.0,-0.0,-0.0,-0.0,-0.0,-0.0,-0.0,-0.0,-0.0,0.0,-0.0,-0.0,-0.0,0.0,0.0,-0.0,0.0,0.0,0.0,-0.0,-0.0,-0.0,0.0,0.0,-0.0
Thanksgiving_1,-0.0,-0.0,0.0,-0.0,-0.0,0.0,-0.0,-0.0,-0.0,-0.0,-0.0,0.0,-0.0,-0.0,-0.0,0.0,-0.0,-0.0,0.0,-0.0,-0.0,0.0,-0.0,0.0,-0.0,-0.0,-0.0,-0.0,0.0,-0.0,-0.0,-0.0,-0.0,-0.0,-0.0,-0.0
Christmas,0.0,-0.0,-0.0,0.0,0.0,-0.0,-0.0,-0.0,-0.0,-0.0,-0.0,-0.0,-0.0,-0.0,-0.0,-0.0,-1.9100967416610242,-12.4769722185505,-31.08206090245497,-0.0,0.0,-0.0,-0.0,-0.0,-0.0,0.0,-7.14800033750648,0.0,0.0,0.0,-2.419085505061315,-0.0,-0.0,0.0,-0.0,-0.0
Christmas_1,0.0,0.0,-0.0,-0.0,-0.0,-0.0,0.0,-0.0,-0.0,-0.0,-0.0,-0.0,-0.0,-0.0,-0.0,-0.0,-0.0,-0.0,-0.0,0.0,0.0,0.0,-0.0,0.0,-0.0,-0.0,0.0,-0.0,0.0,0.0,-0.0,-0.0,0.0,0.0,-0.0,-0.0
NewYear,0.0,-0.0,-0.0,-0.0,0.0,-0.0,-0.0,0.0,0.0,-0.0,0.0,0.0,0.0,0.0,-0.0,-0.0,0.0,0.0,0.0,-0.0,-0.0,0.0,0.0,-0.0,0.0,-0.0,0.0,-0.0,-0.0,-0.0,-0.0,-0.0,-0.0,-0.0,0.0,-0.0
President,-0.0,0.0,0.0,-0.0,-0.0,0.0,-0.0,-0.0,-0.0,-0.0,-0.0,-0.0,-0.0,-0.0,-0.0,0.0,-0.0,-0.0,-0.0,-0.0,-0.0,-0.0,-0.0,-0.0,0.0,-0.0,-0.0,0.0,-0.0,-0.0,0.0,0.0,-0.0,0.0,-0.0,0.0
President_1,0.0,-0.0,-0.0,-0.0,-0.0,0.0,-0.0,0.0,-0.0,-0.0,-0.0,-0.0,-0.0,-0.0,0.0,0.0,-0.0,-0.0,-0.0,-0.0,-0.0,0.0,-0.0,0.0,-0.0,-0.0,0.0,-0.0,-0.0,-0.0,-0.0,0.0,-0.0,-0.0,-0.0,0.0
Easter,0.0,-0.0,-0.0,0.0,-0.0,0.0,-0.0,-0.0,-0.0,-0.0,0.0,-0.0,0.0,-0.0,0.0,-0.0,0.0,0.0,0.0,0.0,0.0,0.0,0.0,0.0,0.0,0.0,0.0,-0.0,0.0,0.0,0.0,-0.0,-0.0,0.0,0.0,-0.0
Easter_1,-0.0,-0.0,0.0,-0.0,-0.0,-0.0,0.0,-0.0,-0.0,-0.0,0.0,-0.0,0.0,-0.0,-0.0,0.0,-0.0,0.0,0.0,0.0,0.0,-0.0,-0.0,-0.0,0.0,-0.0,-0.0,-0.0,0.0,-0.0,0.0,-0.0,0.0,-0.0,-0.0,-0.0
Memorial,-0.0,-0.0,-0.0,0.0,-0.0,-0.0,-0.0,0.0,-0.0,-0.0,0.0,-0.0,-0.0,-0.0,-0.0,-0.0,-0.0,0.0,-0.0,-0.0,0.0,-0.0,0.0,-0.0,0.0,0.0,-0.0,0.0,0.0,0.0,0.0,0.0,-0.0,0.0,0.0,0.0
Memorial_1,-0.0,0.0,0.0,-0.0,0.0,0.0,0.0,0.0,0.0,0.0,-0.0,-0.0,-0.0,-0.0,0.0,0.0,0.0,0.0,0.0,0.0,0.0,-0.0,-0.0,0.0,0.0,0.0,0.0,0.0,0.0,-0.0,-0.0,0.0,-0.0,-0.0,0.0,0.0
4thJuly,0.0,0.0,-0.0,-0.0,0.0,0.0,-0.0,-0.0,-0.0,0.0,0.0,0.0,0.0,-0.0,0.0,-0.0,-0.0,-0.0,-0.0,0.0,-0.0,0.0,-0.0,0.0,0.0,-0.0,-0.0,0.0,0.0,0.0,-0.0,-0.0,0.0,-0.0,0.0,-0.0
4thJuly_1,-0.0,-0.0,-0.0,-0.0,-0.0,0.0,0.0,0.0,0.0,-0.0,-0.0,-0.0,-0.0,0.0,0.0,0.0,-0.0,-0.0,0.0,0.0,-0.0,0.0,0.0,0.0,0.0,0.0,0.0,0.0,-0.0,-0.0,-0.0,0.0,0.0,0.0,0.0,0.0
Labour,-0.0,0.0,-0.0,0.0,0.0,0.0,-0.0,0.0,0.0,0.0,0.0,0.0,-0.0,0.0,0.0,-0.0,0.0,0.0,0.0,0.0,0.0,-0.0,-0.0,-0.0,-0.0,0.0,0.0,-0.0,-0.0,0.0,0.0,-0.0,-0.0,-0.0,0.0,-0.0
Labour_1,0.0,-0.0,0.0,0.0,0.0,-0.0,0.0,0.0,-0.0,-0.0,0.0,-0.0,0.0,-0.0,0.0,0.0,0.0,0.0,0.0,0.0,0.0,-0.0,0.0,-0.0,-0.0,0.0,0.0,-0.0,0.0,0.0,0.0,-0.0,-0.0,0.0,-0.0,0.0
0_1_25293_60025_Discount,0.0,-0.0,-0.0,0.0,-0.0,0.0,-0.0,0.0,0.0,0.0,-0.0,-0.0,0.0,-0.0,0.0,0.0,-0.0,0.0,-0.0,0.0,0.0,0.0,0.0,-0.0,-0.0,0.0,0.0,0.0,-0.0,-0.0,0.0,0.0,0.0,-0.0,-0.0,0.0
0_1_25293_60025_Display,0.0,0.0,0.0,0.0,0.0,0.0,0.0,0.0,0.0,0.0,0.0,0.0,0.0,0.0,0.0,0.0,0.0,0.0,0.0,0.0,0.0,0.0,0.0,0.0,0.0,0.0,0.0,0.0,0.0,0.0,0.0,0.0,0.0,0.0,0.0,0.0
0_1_25293_60025_Feature,0.0,0.0,-0.0,-0.0,-0.0,-0.0,0.0,0.0,0.0,0.0,-0.0,-0.0,0.0,-0.0,-0.0,0.0,-0.0,-0.0,-0.0,-0.0,-0.0,0.0,0.0,0.0,-0.0,-0.0,-0.0,-0.0,0.0,-0.0,0.0,-0.0,-0.0,0.0,-0.0,-0.0
0_1_25293_60025_Sales,0.0,0.0,0.07900853101709121,0.0012289436817257565,-0.04178075034745404,0.017648388869852708,0.0,-0.0,-0.0,-0.04373262298095574,-0.1092368108971196,-0.06210202308536698,0.0,0.058139835228224836,-0.03894473875447151,-0.31775944388187255,0.2782503049051431,0.05378297311049545,-0.11864990306020551,-0.0,0.3782359800141129,-0.09990358025669396,-0.22287228864397216,0.09787263674022671,-0.03735730934933521,-0.1475357816195859,0.49248110313293303,0.048744711694856634,-0.00894808688812893,-0.2529209374876928,0.3808929832935485,-0.050743491454502195,0.0,0.026835260216515253,-0.06883205727524395,-0.015300729405599853
0_1_25293_60027_Discount,-0.0,0.0,0.0,-0.0,0.0,-0.0,-0.0,-0.0,0.0,0.0,0.0,0.0,-0.0,0.0,-0.0,0.0,0.0,-0.0,-0.0,-0.0,0.0,-0.0,-0.0,-0.0,0.0,0.0,-0.0,-0.0,0.0,0.0,0.0,0.0,-0.0,-0.0,-0.0,-0.0
0_1_25293_60027_Display,0.0,0.0,0.0,0.0,0.0,0.0,0.0,0.0,0.0,0.0,0.0,0.0,0.0,0.0,0.0,0.0,0.0,0.0,0.0,0.0,0.0,0.0,0.0,0.0,0.0,0.0,0.0,0.0,0.0,0.0,0.0,0.0,0.0,0.0,0.0,0.0
0_1_25293_60027_Feature,-0.0,0.0,0.0,-0.0,-0.0,-0.0,-0.0,0.0,0.0,0.0,0.0,0.0,0.0,0.0,-0.0,0.0,-0.0,-0.0,0.0,-0.0,-0.0,0.0,-0.0,-0.0,0.0,-0.0,-0.0,-0.0,0.0,-0.0,-0.0,-0.0,-0.0,0.0,0.0,-0.0
0_1_25293_60027_Sales,-0.005582477507734578,0.0,0.05891621327411124,0.0006680058573377371,0.027270729722153303,-0.0,-0.0786890622920464,0.0,0.07066534579249907,0.08785364871225161,-0.017256095049614437,0.3066298348205401,0.42486933406539634,0.19852994020888023,0.0,-0.1288492112768208,0.24500031306993417,-0.1435823027782326,-0.06370272549795043,-0.023516648403572326,0.23854732738812326,0.12045077634340728,0.11851991757670147,0.05233645567552604,-0.23963498983575834,-0.32216675523040234,0.32588893042513883,0.0008000729603425136,0.19526421997659626,-0.11747774316394471,-0.2333910148803372,-0.11144978411867475,0.0,0.03648315585342421,-0.0,0.0
0_1_25293_60039_Discount,-0.0,0.0,0.0,-0.0,0.0,-0.0,0.0,-0.0,0.0,0.0,0.0,0.0,-0.0,0.0,-0.0,0.0,0.0,-0.0,-0.0,-0.0,-0.0,-0.0,-0.0,-0.0,0.0,0.0,-0.0,-0.0,-0.0,-0.0,-0.0,-0.0,-0.0,-0.0,-0.0,-0.0
0_1_25293_60039_Display,0.0,0.0,0.0,0.0,0.0,0.0,0.0,0.0,0.0,0.0,0.0,0.0,0.0,0.0,0.0,0.0,0.0,0.0,0.0,0.0,0.0,0.0,0.0,0.0,0.0,0.0,0.0,0.0,0.0,0.0,0.0,0.0,0.0,0.0,0.0,0.0
0_1_25293_60039_Feature,-0.0,0.0,0.0,-0.0,-0.0,-0.0,-0.0,0.0,0.0,0.0,0.0,0.0,0.0,0.0,-0.0,0.0,-0.0,-0.0,0.0,-0.0,-0.0,0.0,-0.0,-0.0,0.0,-0.0,-0.0,-0.0,0.0,-0.0,-0.0,-0.0,-0.0,0.0,0.0,-0.0
0_1_25293_60039_Sales,-0.03180724407620081,0.0,0.0,-0.0,-0.0,-0.0,0.13686286522017277,0.068240290729242,0.17953804882964483,0.06656477622595552,-0.1344577144904972,-0.23346203449673286,-0.4906637918939667,-0.2704491721705663,0.0,-0.043617079966780596,-0.09154330809411423,0.023155312407178563,-0.23373635373297433,0.0,-0.031761607404976036,0.09276105767422486,0.06833227513106299,0.0057828646712080435,0.09516038867734901,0.44351070056665315,0.0,0.016677263769400173,-0.05160589304416965,0.03154654831301002,0.2028373297367486,0.12613383705596767,-0.0,-0.06734411714666624,-0.024933557671081213,0.026061877183856056
0_1_28000_58454_Discount,0.0,-0.0,-0.0,0.0,0.0,0.0,-0.0,0.0,-0.0,0.0,-0.0,-0.0,-0.0,-0.0,0.0,0.0,0.0,0.0,-0.0,0.0,0.0,0.0,0.0,0.0,0.0,0.0,-0.0,-0.0,0.0,0.0,0.0,-0.0,0.0,-0.0,0.0,-0.0
0_1_28000_58454_Display,0.0,0.0,0.0,0.0,0.0,0.0,0.0,0.0,0.0,0.0,0.0,0.0,0.0,0.0,0.0,0.0,0.0,0.0,0.0,0.0,0.0,0.0,0.0,0.0,0.0,0.0,0.0,0.0,0.0,0.0,0.0,0.0,0.0,0.0,0.0,0.0
0_1_28000_58454_Feature,0.0,-0.0,0.0,0.0,0.0,0.0,-0.0,0.0,-0.0,0.0,-0.0,-0.0,0.0,0.0,-0.0,0.0,-0.0,0.0,-0.0,0.0,-0.0,-0.0,-0.0,0.0,0.0,0.0,0.0,-0.0,-0.0,0.0,0.0,-0.0,0.0,-0.0,0.0,-0.0
0_1_28000_58454_Sales,0.0,-0.06037302076657056,0.0,0.0,-0.0588565937069998,-0.026462468260076786,0.0,0.021981237108912578,-0.02947163869126849,-0.059826780343306206,0.03870972455385993,0.0727965808859513,0.12702644821718817,0.0821392524793437,-0.0,0.11527113346292674,-0.7815879903921709,-0.29763448180860363,-0.5182376728096464,0.0,-0.2900420426559085,0.10275672263963205,0.21145371540262467,0.0074520266287650015,-0.15017248070992084,-0.5544566136580444,-0.59458312496036,-0.08383743945876258,-0.09549880721000802,-0.43969196363257473,-0.23264793577523368,-0.08595751750750126,-0.0,-0.014082074844916439,0.0,-0.1090047660180065
0_1_49900_27268_Discount,0.0,-0.0,0.0,-0.0,0.0,0.0,-0.0,0.0,0.0,-0.0,0.0,-0.0,0.0,0.0,0.0,0.0,0.0,0.0,-0.0,0.0,0.0,-0.0,0.0,0.0,-0.0,0.0,0.0,-0.0,-0.0,-0.0,0.0,0.0,-0.0,0.0,0.0,0.0
0_1_49900_27268_Display,0.0,0.0,0.0,0.0,0.0,0.0,0.0,0.0,0.0,0.0,0.0,0.0,0.0,0.0,0.0,0.0,0.0,0.0,0.0,0.0,0.0,0.0,0.0,0.0,0.0,0.0,0.0,0.0,0.0,0.0,0.0,0.0,0.0,0.0,0.0,0.0
0_1_49900_27268_Feature,0.0,0.0,0.0,0.0,0.0,0.0,0.0,0.0,0.0,0.0,0.0,0.0,0.0,0.0,0.0,0.0,0.0,0.0,0.0,0.0,0.0,0.0,0.0,0.0,0.0,0.0,0.0,0.0,0.0,0.0,0.0,0.0,0.0,0.0,0.0,0.0
0_1_49900_27268_Sales,0.0,0.04653402057488367,-0.0,-0.03366784950550569,0.0,0.012313497338363033,0.059985591526150746,0.009759401334512363,0.11204021907654367,0.008006928316722372,0.22683223328544613,-0.0,0.19105533642957476,0.024289542739325102,0.010217798768814713,0.10389854594770656,0.3082731778389528,0.6360550186258649,0.547386644496669,0.10176980796972034,0.0528356351776871,-0.04636301987450072,0.15792557808739532,-0.02047244221957375,0.17786605769561323,0.0,1.1208937628160371,0.07172596907901317,0.07552102334982179,-0.3322265034347677,0.3082210338863581,0.014884301712820321,0.04828773007929544,0.0,0.04623814801090244,0.13014433157165076
0_2_25293_60037_Discount,0.0,-0.0,-0.0,0.0,-0.0,0.0,-0.0,0.0,-0.0,0.0,-0.0,-0.0,0.0,-0.0,0.0,0.0,-0.0,-0.0,-0.0,0.0,0.0,-0.0,0.0,-0.0,-0.0,-0.0,0.0,-0.0,-0.0,-0.0,-0.0,-0.0,0.0,-0.0,-0.0,-0.0
0_2_25293_60037_Display,0.0,0.0,0.0,0.0,0.0,0.0,0.0,0.0,0.0,0.0,0.0,0.0,0.0,0.0,0.0,0.0,0.0,0.0,0.0,0.0,0.0,0.0,0.0,0.0,0.0,0.0,0.0,0.0,0.0,0.0,0.0,0.0,0.0,0.0,0.0,0.0
0_2_25293_60037_Feature,-0.0,0.0,-0.0,-0.0,-0.0,0.0,0.0,0.0,0.0,0.0,-0.0,-0.0,0.0,-0.0,-0.0,0.0,-0.0,-0.0,-0.0,-0.0,-0.0,0.0,0.0,0.0,-0.0,-0.0,-0.0,-0.0,0.0,-0.0,0.0,-0.0,-0.0,0.0,-0.0,-0.0
0_2_25293_60037_Sales,0.0,-0.0,0.061480583001295566,-0.08692515033579232,0.17337357424929592,0.0,0.0,-0.13647131917754837,-0.04798406041374343,0.05384277932036854,0.0,0.30624885287372966,-0.06355473905099018,0.16588886997887003,0.11364340592511693,0.04499706529381321,0.2274074854956291,-0.13971870854333018,0.0,-0.04334912587992376,0.3951711196262205,-0.06977473544665193,0.22866677005207856,0.07630149784899816,0.24854980448296582,0.0,-0.41546355483815106,0.08286657506300926,-0.019877928440045774,0.6256799840507499,-0.0,-0.0,0.0,-0.0,0.0,-0.0
0_2_28000_24610_Discount,0.0,-0.0,-0.0,-0.0,-0.0,-0.0,0.0,0.0,0.0,-0.0,-0.0,0.0,0.0,-0.0,0.0,-0.0,-0.0,-0.0,0.0,0.0,-0.0,-0.0,0.0,0.0,-0.0,-0.0,-0.0,-0.0,-0.0,0.0,0.0,0.0,-0.0,-0.0,-0.0,0.0
0_2_28000_24610_Display,0.0,0.0,0.0,0.0,0.0,0.0,0.0,0.0,0.0,0.0,0.0,0.0,0.0,0.0,0.0,0.0,0.0,0.0,0.0,0.0,0.0,0.0,0.0,0.0,0.0,0.0,0.0,0.0,0.0,0.0,0.0,0.0,0.0,0.0,0.0,0.0
0_2_28000_24610_Feature,-0.0,0.0,0.0,-0.0,-0.0,-0.0,0.0,-0.0,0.0,0.0,-0.0,-0.0,-0.0,-0.0,0.0,-0.0,0.0,-0.0,-0.0,0.0,-0.0,-0.0,-0.0,-0.0,-0.0,-0.0,-0.0,-0.0,0.0,0.0,-0.0,-0.0,0.0,0.0,-0.0,-0.0
0_2_28000_24610_Sales,-0.016015480024435445,0.03638596485951396,-0.04687845158097296,0.0333476164161729,0.0,0.008461785547355674,0.0,0.0888732810963551,-0.13289363808853988,-0.04834391150515878,0.12828295759727595,0.20233791116922656,0.1644516134175695,0.20576780704051312,-0.005525712929249649,0.06189205522179684,-0.045129081079050816,0.2658540316779335,0.02586303737351178,0.024715890447172168,0.4899039867167618,0.026873706517882477,-0.0,0.016573487726293724,-0.0,0.005447000531268823,0.031158696184066036,0.13540231248592907,0.1782188673836595,0.06487145360871734,-0.4637745902081969,0.024052726087566374,0.0,-0.05302752353981744,0.01792072472278217,0.017275091225869826
7_1_42365_22800_Discount,-0.0,0.0,0.0,-0.0,0.0,0.0,-0.0,0.0,-0.0,0.0,0.0,-0.0,0.0,-0.0,0.0,0.0,-0.0,-0.0,0.0,-0.0,-0.0,0.0,-0.0,0.0,0.0,-0.0,0.0,0.0,-0.0,-0.0,0.0,0.0,0.0,0.0,0.0,0.0
7_1_42365_22800_Display,0.0,0.0,0.0,0.0,0.0,0.0,0.0,0.0,0.0,0.0,0.0,0.0,0.0,0.0,0.0,0.0,0.0,0.0,0.0,0.0,0.0,0.0,0.0,0.0,0.0,0.0,0.0,0.0,0.0,0.0,0.0,0.0,0.0,0.0,0.0,0.0
7_1_42365_22800_Feature,0.0,0.0,0.0,0.0,0.0,0.0,0.0,0.0,0.0,0.0,0.0,0.0,0.0,0.0,0.0,0.0,0.0,0.0,0.0,0.0,0.0,0.0,0.0,0.0,0.0,0.0,0.0,0.0,0.0,0.0,0.0,0.0,0.0,0.0,0.0,0.0
7_1_42365_22800_Sales,0.016512804728101273,0.0,0.049167620924740765,0.0,0.09389081224583053,-0.0,-0.009167100431168586,0.0,-0.0,0.010065244497306312,0.0029833388869006717,0.0,-0.2253144271259728,-0.01741120260610106,-0.0,-0.10001493315539957,0.4627411192620597,-0.03632684740830771,0.08353180911470302,-0.0,0.18097140600955358,-0.3131197816997663,0.015445941646392564,0.048643466715393546,-0.19503148824707983,0.2537568645892522,-0.18258067909453218,-0.06413953214055795,-0.061142434580286974,0.1549663974508811,-0.08560462597803077,-0.060222132096311616,-0.0,-0.0,-0.0,-0.0011359568341628343
7_1_42365_22820_Discount,0.0,-0.0,0.0,-0.0,-0.0,0.0,-0.0,0.0,0.0,0.0,0.0,-0.0,0.0,-0.0,0.0,-0.0,-0.0,-0.0,0.0,-0.0,0.0,-0.0,0.0,-0.0,0.0,-0.0,0.0,-0.0,-0.0,-0.0,0.0,0.0,0.0,0.0,0.0,0.0
7_1_42365_22820_Display,0.0,0.0,0.0,0.0,0.0,0.0,0.0,0.0,0.0,0.0,0.0,0.0,0.0,0.0,0.0,0.0,0.0,0.0,0.0,0.0,0.0,0.0,0.0,0.0,0.0,0.0,0.0,0.0,0.0,0.0,0.0,0.0,0.0,0.0,0.0,0.0
7_1_42365_22820_Feature,0.0,0.0,0.0,0.0,0.0,0.0,0.0,0.0,0.0,0.0,0.0,0.0,0.0,0.0,0.0,0.0,0.0,0.0,0.0,0.0,0.0,0.0,0.0,0.0,0.0,0.0,0.0,0.0,0.0,0.0,0.0,0.0,0.0,0.0,0.0,0.0
7_1_42365_22820_Sales,-0.060783383826809576,0.04633406009910147,0.049338067107344084,0.05802235511131888,0.031022172539476468,0.0,-0.02731300374266808,-0.0,0.0,0.0390194755392037,0.02999273444059557,0.11912465118683442,0.1480826845595181,0.06099547768322424,0.018733598196326275,-0.1258448256313698,-0.13387062176852627,-0.12124965389328049,-0.04169017522238288,-0.0,-0.14707292287767268,0.12923560597674277,-0.020254550554685957,0.006660351437993609,0.04915358579341577,-0.1859273864785051,-0.011982366568026396,0.005004080073901123,0.0,0.09489517643739791,-0.19436744519714977,-0.009621249312207937,0.006646248997600531,0.05579231103390556,0.00901278643981134,-0.03503763497812874
7_1_42365_22840_Discount,0.0,-0.0,0.0,-0.0,0.0,0.0,-0.0,0.0,0.0,0.0,0.0,-0.0,0.0,-0.0,0.0,-0.0,-0.0,-0.0,0.0,-0.0,0.0,0.0,0.0,-0.0,0.0,-0.0,0.0,-0.0,0.0,-0.0,0.0,0.0,0.0,0.0,0.0,0.0
7_1_42365_22840_Display,0.0,0.0,0.0,0.0,0.0,0.0,0.0,0.0,0.0,0.0,0.0,0.0,0.0,0.0,0.0,0.0,0.0,0.0,0.0,0.0,0.0,0.0,0.0,0.0,0.0,0.0,0.0,0.0,0.0,0.0,0.0,0.0,0.0,0.0,0.0,0.0
7_1_42365_22840_Feature,0.0,0.0,0.0,0.0,0.0,0.0,0.0,0.0,0.0,0.0,0.0,0.0,0.0,0.0,0.0,0.0,0.0,0.0,0.0,0.0,0.0,0.0,0.0,0.0,0.0,0.0,0.0,0.0,0.0,0.0,0.0,0.0,0.0,0.0,0.0,0.0
7_1_42365_22840_Sales,0.030644991213230638,0.0,-0.08761012544383216,-0.01996068001255686,0.007277887412218692,0.051578898919967205,-0.007751484797721544,0.05623607925024115,-0.03020333335325821,0.0,0.07705478953033211,-0.1046454184145734,-0.0035260478227423903,0.14220765541225944,0.0,0.1762661313064496,-0.17497614304115264,0.13681712130954846,-0.06203292502692975,0.013025795904747776,0.0,-0.1368743552713208,0.1470049234200689,0.0,-0.06783192844669662,0.18120436557577987,-0.30129116541913203,-0.0028752428151650124,-0.057367136033861316,-0.00838045379265789,0.025981127731280668,0.03827415594914495,0.0,-0.03349249830203098,-0.03155849278505255,-0.0
7_1_42365_26400_Discount,0.0,0.0,0.0,-0.0,-0.0,-0.0,-0.0,-0.0,-0.0,-0.0,0.0,0.0,0.0,0.0,0.0,-0.0,-0.0,-0.0,0.0,-0.0,0.0,-0.0,0.0,0.0,-0.0,-0.0,0.0,0.0,0.0,-0.0,0.0,0.0,-0.0,0.0,0.0,0.0
7_1_42365_26400_Display,0.0,0.0,0.0,0.0,0.0,0.0,0.0,0.0,0.0,0.0,0.0,0.0,0.0,0.0,0.0,0.0,0.0,0.0,0.0,0.0,0.0,0.0,0.0,0.0,0.0,0.0,0.0,0.0,0.0,0.0,0.0,0.0,0.0,0.0,0.0,0.0
7_1_42365_26400_Feature,-0.0,0.0,0.0,-0.0,-0.0,-0.0,0.0,-0.0,-0.0,0.0,0.0,0.0,0.0,0.0,-0.0,0.0,-0.0,0.0,0.0,-0.0,0.0,0.0,0.0,-0.0,0.0,-0.0,0.0,-0.0,-0.0,-0.0,0.0,0.0,0.0,0.0,0.0,0.0
7_1_42365_26400_Sales,0.0,0.0,0.048644112387166635,0.0,0.0,-0.01713234118654575,-0.010653158206895675,0.009877928203383098,-0.03596022383746098,0.016388198335179283,0.0,0.14736175658144543,0.011516819515555183,0.036992348966019266,-0.04363484631834684,-0.0019251179609036683,-0.20658797648329644,0.008458334455236836,0.03809919439563527,0.06893898219485152,-0.07771509143547498,-0.00040472259953160594,0.3203434682821176,0.007374641602994803,-0.0,-0.049933817601468415,0.0,-0.0057195902356092865,-0.043350755733193636,0.041244076012849684,-0.06500024941471737,-0.026910593254681262,0.0,-0.0,0.02506786448046066,-0.006637592743584968
7_1_42365_26410_Discount,0.0,0.0,0.0,-0.0,-0.0,-0.0,-0.0,-0.0,-0.0,-0.0,0.0,0.0,0.0,0.0,0.0,-0.0,-0.0,0.0,0.0,-0.0,0.0,-0.0,0.0,0.0,-0.0,-0.0,0.0,0.0,0.0,-0.0,0.0,0.0,-0.0,0.0,0.0,0.0
7_1_42365_26410_Display,0.0,0.0,0.0,0.0,0.0,0.0,0.0,0.0,0.0,0.0,0.0,0.0,0.0,0.0,0.0,0.0,0.0,0.0,0.0,0.0,0.0,0.0,0.0,0.0,0.0,0.0,0.0,0.0,0.0,0.0,0.0,0.0,0.0,0.0,0.0,0.0
7_1_42365_26410_Feature,-0.0,0.0,0.0,-0.0,-0.0,-0.0,0.0,-0.0,-0.0,0.0,0.0,0.0,0.0,0.0,-0.0,0.0,-0.0,0.0,0.0,-0.0,0.0,0.0,0.0,-0.0,0.0,-0.0,0.0,-0.0,-0.0,-0.0,0.0,0.0,0.0,0.0,0.0,0.0
7_1_42365_26410_Sales,-0.0,-0.031148290821601334,-0.02319744670643233,0.0,-0.004527566917447388,0.030664832956446526,0.04077905947705483,-0.06241487195473744,-0.0755297579472441,-0.0298382562395764,0.04962694643900159,0.0,-0.1603843641246045,0.08269102278017026,0.0,-0.10815723704553594,0.2008762243267707,0.09889536810425936,0.6068560630320887,0.05495699558763789,0.0404819302308249,0.02959512000532353,-0.15978233439251416,-0.0028692081849063912,-0.04121043233732711,0.2555227691648955,0.36339565475487295,0.0008628559589011783,0.07189285426582276,0.144381928928816,-0.16109059462254927,0.0,0.02301710297350689,0.030218813549308957,-0.07032630023503961,-0.011171342702317899
7_1_42365_26420_Discount,0.0,0.0,0.0,-0.0,-0.0,-0.0,-0.0,-0.0,-0.0,-0.0,0.0,0.0,0.0,0.0,0.0,0.0,-0.0,-0.0,0.0,-0.0,0.0,-0.0,0.0,0.0,-0.0,-0.0,0.0,0.0,0.0,-0.0,0.0,0.0,-0.0,0.0,0.0,0.0
7_1_42365_26420_Display,0.0,0.0,0.0,0.0,0.0,0.0,0.0,0.0,0.0,0.0,0.0,0.0,0.0,0.0,0.0,0.0,0.0,0.0,0.0,0.0,0.0,0.0,0.0,0.0,0.0,0.0,0.0,0.0,0.0,0.0,0.0,0.0,0.0,0.0,0.0,0.0
7_1_42365_26420_Feature,-0.0,0.0,0.0,-0.0,-0.0,-0.0,0.0,-0.0,-0.0,0.0,0.0,0.0,0.0,0.0,-0.0,0.0,-0.0,0.0,0.0,-0.0,0.0,0.0,0.0,-0.0,0.0,-0.0,0.0,-0.0,-0.0,-0.0,0.0,0.0,0.0,0.0,0.0,0.0
7_1_42365_26420_Sales,-0.011138512197510702,0.001235361492754815,0.0,-0.011617079348690579,0.000895508256529167,-0.0,-0.055672703190285736,0.003743236698618436,0.0507596761437426,0.00026324163380629244,-0.04327223939409019,0.019316450639417393,0.0,-0.0,0.021126356006144792,-0.02342654262888759,0.10791857206782096,0.12987022402734708,-0.09921435919572355,-0.03073421975535065,-0.11138435218077017,0.02860681696228229,-0.06125232262460473,0.021233349529670546,0.04637373322320237,-0.148209289521874,0.00680017925160951,-0.020780005433375232,-0.1301617019327905,0.010707119722499166,0.156919218255174,0.02003160629435198,-0.006674513469202381,-0.0,0.035548897164508535,0.01355069828348524
7_1_42365_26440_Discount,0.0,0.0,0.0,-0.0,-0.0,-0.0,-0.0,-0.0,-0.0,-0.0,0.0,0.0,0.0,0.0,0.0,0.0,-0.0,-0.0,0.0,-0.0,0.0,-0.0,0.0,0.0,-0.0,-0.0,0.0,0.0,0.0,-0.0,0.0,0.0,-0.0,0.0,0.0,0.0
7_1_42365_26440_Display,0.0,0.0,0.0,0.0,0.0,0.0,0.0,0.0,0.0,0.0,0.0,0.0,0.0,0.0,0.0,0.0,0.0,0.0,0.0,0.0,0.0,0.0,0.0,0.0,0.0,0.0,0.0,0.0,0.0,0.0,0.0,0.0,0.0,0.0,0.0,0.0
7_1_42365_26440_Feature,-0.0,0.0,0.0,-0.0,-0.0,-0.0,0.0,-0.0,-0.0,0.0,0.0,0.0,0.0,0.0,-0.0,0.0,-0.0,0.0,0.0,-0.0,0.0,0.0,0.0,-0.0,0.0,-0.0,0.0,-0.0,-0.0,-0.0,0.0,0.0,0.0,0.0,0.0,0.0
7_1_42365_26440_Sales,0.044288472735611054,-0.03985839784214666,-0.04775024791121001,0.0305739694319576,0.006301080807483417,-0.0007459771388509454,-0.016786461133869116,-0.002897738985486169,-0.08077457209638547,-0.0305584873136768,0.154957867163256,0.075666023634326,0.40849961162943876,0.0,0.01991529862886519,0.1526142417915927,0.1406968518878376,0.10370543206652058,-0.11997133637861873,-0.023315230560425993,0.3773934394281925,-0.07313416758177123,-0.018357648742925368,0.017794569012364262,-0.004892927830056461,-0.20098081539641502,-0.07459013009079343,0.025439813742394683,0.018561560723893547,-0.1847989898036693,0.004564495817186891,-0.026681586128313683,-0.0,-0.012629990987081712,-0.024096569749468062,-0.04209277838014526
88_6_99998_59442_Discount,-0.0,0.0,-0.0,0.0,0.0,-0.0,-0.0,0.0,0.0,-0.0,-0.0,-0.0,0.0,-0.0,0.0,0.0,0.0,0.0,0.0,0.0,0.0,0.0,0.0,0.0,-0.0,-0.0,-0.0,0.0,0.0,-0.0,0.0,0.0,0.0,-0.0,-0.0,0.0
88_6_99998_59442_Display,0.0,0.0,0.0,0.0,0.0,0.0,0.0,0.0,0.0,0.0,0.0,0.0,0.0,0.0,0.0,0.0,0.0,0.0,0.0,0.0,0.0,0.0,0.0,0.0,0.0,0.0,0.0,0.0,0.0,0.0,0.0,0.0,0.0,0.0,0.0,0.0
88_6_99998_59442_Feature,-0.0,0.0,0.0,-0.0,0.0,-0.0,-0.0,-0.0,-0.0,0.0,-0.0,0.0,-0.0,-0.0,0.0,0.0,-0.0,0.0,0.0,-0.0,-0.0,0.0,-0.0,-0.0,0.0,0.0,0.0,-0.0,0.0,-0.0,-0.0,0.0,0.0,0.0,0.0,0.0
88_6_99998_59442_Sales,0.04896367154018784,0.030024718038009286,0.08321653475748511,-0.0,-0.022324173949731664,0.012574188893286318,0.03317445610025979,0.12069787084515775,-0.07683541914552812,-0.08393930403109034,-0.0,0.07859402854588764,-0.04294127164961372,0.0,0.0,-0.04255636887931145,-0.5364974647617857,-0.6048122815345166,0.0,0.048744257733352545,0.1542583717161879,-0.1065009481906852,-0.276662572900459,0.052241901743603575,-0.135110791400965,0.3888475356397842,-0.1698133479719249,0.010165147291417114,-0.4913705872637306,0.0,0.05041131669207691,0.20262424374264099,-0.00922848657396977,0.024234175489170433,0.009978791664035376,0.14099041174296578
88_6_99998_59443_Discount,-0.0,0.0,0.0,-0.0,-0.0,-0.0,-0.0,0.0,0.0,0.0,-0.0,-0.0,0.0,-0.0,0.0,0.0,0.0,0.0,0.0,-0.0,0.0,0.0,0.0,0.0,-0.0,-0.0,-0.0,0.0,0.0,-0.0,0.0,0.0,0.0,-0.0,-0.0,0.0
88_6_99998_59443_Display,0.0,0.0,0.0,0.0,0.0,0.0,0.0,0.0,0.0,0.0,0.0,0.0,0.0,0.0,0.0,0.0,0.0,0.0,0.0,0.0,0.0,0.0,0.0,0.0,0.0,0.0,0.0,0.0,0.0,0.0,0.0,0.0,0.0,0.0,0.0,0.0
88_6_99998_59443_Feature,-0.0,0.0,0.0,-0.0,0.0,-0.0,-0.0,-0.0,-0.0,0.0,-0.0,0.0,-0.0,-0.0,-0.0,0.0,0.0,0.0,0.0,0.0,-0.0,0.0,-0.0,-0.0,-0.0,0.0,0.0,-0.0,0.0,0.0,0.0,-0.0,0.0,-0.0,0.0,-0.0
88_6_99998_59443_Sales,-0.014943790657711368,-0.018480962204116495,0.0,0.018337849473630204,0.06892090459676171,0.0346424575275436,0.016916111992162742,-0.013866517786603841,-0.07644085167012972,-0.02713658664988168,-0.0018962510494451872,0.0376591900293741,-0.01582862417502113,0.007630695312973603,0.021314960157329577,0.0,0.05796719264807019,0.03184237663762869,0.057927977091305684,0.013453423479949746,-0.07348069906959635,0.00421066876583275,-0.11805558948492671,-0.027316499277225098,0.11193317453160456,-0.02708103340413094,0.16836550103765333,0.03764012555779808,0.057992624515569115,-0.13516187630874377,-0.028606952601560442,0.009510732476931766,0.0012733793431099361,-0.0,0.007858364837637855,-0.005218444722867893
88_6_99998_59444_Discount,-0.0,-0.0,-0.0,0.0,-0.0,0.0,-0.0,0.0,0.0,-0.0,0.0,0.0,0.0,0.0,-0.0,0.0,0.0,-0.0,-0.0,-0.0,-0.0,0.0,-0.0,0.0,0.0,0.0,0.0,0.0,-0.0,0.0,-0.0,0.0,-0.0,0.0,0.0,0.0
88_6_99998_59444_Display,0.0,0.0,0.0,0.0,0.0,0.0,0.0,0.0,0.0,0.0,0.0,0.0,0.0,0.0,0.0,0.0,0.0,0.0,0.0,0.0,0.0,0.0,0.0,0.0,0.0,0.0,0.0,0.0,0.0,0.0,0.0,0.0,0.0,0.0,0.0,0.0
88_6_99998_59444_Feature,-0.0,0.0,-0.0,-0.0,-0.0,0.0,-0.0,0.0,-0.0,-0.0,-0.0,-0.0,-0.0,-0.0,0.0,-0.0,0.0,0.0,-0.0,-0.0,-0.0,-0.0,-0.0,-0.0,-0.0,0.7472568062724831,-0.25648873517435633,0.0,0.0,-0.0,-0.0,0.0,-0.0,-0.0,-0.0,0.0
88_6_99998_59444_Sales,0.007263201215665117,-0.010646382045455675,0.02214729044646542,-0.00029629699135134063,0.0,-0.002018257286737005,0.0,-0.03338785338021373,-0.019220795840167653,-0.021997694464322974,-0.018353005686701885,-0.020321611859076442,-0.05329843223440006,-0.02184078000009893,-0.004510450977090311,0.08424385681676284,0.0,-0.08708751188776805,-0.03778889680867266,-0.005546683489817012,0.035784317267806176,-0.03756426236178179,0.02109439099180884,-0.0036677284299129415,-0.03515678912916997,0.02663019148322321,-0.011775433350869183,-0.01891082444770066,-0.019148694571686314,0.044704950797478084,-0.03290287607363114,-0.00229817218022225,-0.001532182589737017,-0.00018230732570248943,-0.006062292019388399,-0.0
88_6_99998_59461_Discount,0.0,-0.0,0.0,0.0,-0.0,0.0,-0.0,-0.0,-0.0,-0.0,-0.0,-0.0,0.0,0.0,-0.0,0.0,0.0,0.0,0.0,-0.0,0.0,0.0,-0.0,-0.0,0.0,0.0,0.0,0.0,0.0,0.0,-0.0,0.0,0.0,-0.0,0.0,0.0
88_6_99998_59461_Display,0.0,0.0,0.0,0.0,0.0,0.0,0.0,0.0,0.0,0.0,0.0,0.0,0.0,0.0,0.0,0.0,0.0,0.0,0.0,0.0,0.0,0.0,0.0,0.0,0.0,0.0,0.0,0.0,0.0,0.0,0.0,0.0,0.0,0.0,0.0,0.0
88_6_99998_59461_Feature,0.0,0.0,0.0,0.0,0.0,-0.0,-0.0,0.0,0.0,0.0,-0.0,-0.0,-0.0,-0.0,0.0,-0.0,0.0,0.0,0.0,0.0,-0.0,0.0,0.0,-0.0,-0.0,-0.0,-0.0,0.0,-0.0,-0.0,-0.0,-0.0,0.0,-0.0,-0.0,0.0
88_6_99998_59461_Sales,0.01723891724402489,0.008950707008651089,-0.015513122490214807,-0.0019794310419451386,0.0070982704363676645,0.005418015221457802,0.0039728999618101465,0.04012854662628361,0.02225013303883416,0.013013837864178836,0.0202956080018968,-0.027259602788835158,0.009431574520752235,0.007016408731527527,0.025242309105005616,-0.02025886858034681,0.021881083457515566,0.0,0.013559744998692919,-0.004770310671937131,-0.0007983249916641895,0.004308707841662984,-0.0779260691647195,0.009479618614225128,-0.02158548487179635,-0.0026712099894057196,0.06110540752457489,0.015346986553740668,-0.05720570877111849,0.0063927302163793685,0.06540210841921662,0.024838491800554224,-0.005432550735092378,-0.014721376877522886,0.0030109000589554607,0.009548210809406559
88_6_99998_59486_Discount,-0.0,-0.0,0.0,-0.0,-0.0,0.0,-0.0,0.0,0.0,0.0,-0.0,0.0,0.0,0.0,-0.0,0.0,-0.0,0.0,0.0,-0.0,-0.0,0.0,-0.0,-0.0,0.0,-0.0,0.0,0.0,-0.0,0.0,-0.0,0.0,0.0,-0.0,0.0,0.0
88_6_99998_59486_Display,0.0,0.0,0.0,0.0,0.0,0.0,0.0,0.0,0.0,0.0,0.0,0.0,0.0,0.0,0.0,0.0,0.0,0.0,0.0,0.0,0.0,0.0,0.0,0.0,0.0,0.0,0.0,0.0,0.0,0.0,0.0,0.0,0.0,0.0,0.0,0.0
88_6_99998_59486_Feature,-0.0,0.0,0.0,0.0,-0.0,-0.0,0.0,-0.0,0.0,0.0,-0.0,0.0,0.0,-0.0,0.0,-0.0,-0.0,0.0,0.0,-0.0,-9.50733374799001,0.0,-0.0,0.0,0.0,-2.0807157706123975,0.0,0.0,-0.0,-0.0,0.0,-0.0,0.0,-0.0,-0.0,-0.0
88_6_99998_59486_Sales,0.01548578253484984,-0.0035545609159050467,-0.006553381263253171,0.009557836725290222,-0.0014468848301440727,-0.00800748265061227,0.0077449858754107944,-0.011408501409323226,-0.0013153663309808025,-0.0034033372246154055,0.022610817238356454,-0.015312177661377822,0.03739558601596175,-0.030040985486863535,-0.02019104420286883,0.025947605238271564,-0.11539328570089871,-0.02824891809339869,0.0,-0.012603883621236368,-0.01615711505005137,0.023207525780805555,-0.035910009251241236,-0.019804283242856213,0.02022619351697624,0.033059489164825526,0.009683590820742475,-0.01810376755303661,0.02677020184663517,0.047291138485826695,0.07474274674490768,-0.021764013415413865,-0.010347911942069457,0.014371356682739322,0.01265346525544039,0.02026297233391042
88_6_99998_59492_Discount,-0.0,0.0,-0.0,-0.0,0.0,-0.0,-0.0,0.0,0.0,-0.0,-0.0,-0.0,-0.0,-0.0,0.0,0.0,0.0,0.0,0.0,0.0,0.0,0.0,0.0,0.0,-0.0,-0.0,-0.0,0.0,0.0,-0.0,0.0,0.0,0.0,-0.0,-0.0,0.0
88_6_99998_59492_Display,0.0,0.0,0.0,0.0,0.0,0.0,0.0,0.0,0.0,0.0,0.0,0.0,0.0,0.0,0.0,0.0,0.0,0.0,0.0,0.0,0.0,0.0,0.0,0.0,0.0,0.0,0.0,0.0,0.0,0.0,0.0,0.0,0.0,0.0,0.0,0.0
88_6_99998_59492_Feature,-0.0,0.0,0.0,-0.0,0.0,-0.0,-0.0,-0.0,-0.0,0.0,-0.0,0.0,-0.0,-0.0,-0.0,0.0,-0.0,0.0,0.0,0.0,-0.0,0.0,-0.0,-0.0,0.0,0.0,0.0,-0.0,0.0,-0.0,-0.0,0.0,0.0,0.0,0.0,0.0
88_6_99998_59492_Sales,0.05214770986255191,-0.01722916837959588,-0.06551218657027934,0.0,0.06203868233724098,0.0,-0.048383834404427124,-0.059810186200778166,0.2470566725646051,0.018523416712409025,0.003814453525345807,-0.0,-0.0,-0.0,0.03560420956254088,0.018127390514663777,0.54786878045716,0.6509343686697295,0.34806097284645343,0.0,0.182212146866903,-0.0,-0.02240698726747223,0.09496547404663697,0.1755994300817128,0.31883496109753307,-0.19685968449655292,0.1838183389635525,0.3727077088511366,0.23260271941042504,-0.0077284251098122285,0.06649825982256814,0.0,-0.02249368088175534,0.022816875673193415,0.06882023634434566
88_6_99998_59494_Discount,0.0,-0.0,0.0,0.0,-0.0,0.0,-0.0,0.0,0.0,-0.0,0.0,0.0,0.0,0.0,-0.0,0.0,0.0,0.0,0.0,-0.0,0.0,0.0,-0.0,-0.0,0.0,0.0,0.0,0.0,-0.0,0.0,-0.0,0.0,0.0,0.0,0.0,0.0
88_6_99998_59494_Display,0.0,0.0,0.0,0.0,0.0,0.0,0.0,0.0,0.0,0.0,0.0,0.0,0.0,0.0,0.0,0.0,0.0,0.0,0.0,0.0,0.0,0.0,0.0,0.0,0.0,0.0,0.0,0.0,0.0,0.0,0.0,0.0,0.0,0.0,0.0,0.0
88_6_99998_59494_Feature,-0.0,0.0,-0.0,-0.0,-0.0,0.0,-0.0,-0.0,-0.0,0.0,0.0,0.0,0.0,0.0,-0.0,0.0,0.0,0.0,0.0,-0.0,0.0,0.0,-0.0,-0.0,-0.0,0.0,0.0,0.0,0.0,-0.0,0.0,-0.0,-0.0,-0.0,-0.0,-0.0
88_6_99998_59494_Sales,-0.01854476740247033,-0.008942795928835515,0.011465224308316398,0.011518031698932727,-0.0004007255292183875,-0.008648904928280016,-0.007213924729285771,0.026288738053353345,-0.03216332457217847,-0.009357565337028495,0.027099600769860135,-0.0017145293413110948,-0.01468572190479993,-0.008428539903880561,-0.01329230324315086,-0.05298301114980377,-0.23240886876245095,0.1411864413772067,-0.011850862708070151,0.04187675730503582,0.0,-0.024261114367674093,0.10318315071819627,-0.0,-0.014474622931746055,-0.04512812741164573,-0.008058451997343903,-0.017238388499886775,-0.0377010035921265,0.05493489168488795,0.05468677997430042,0.00894442294528981,0.005175800202944252,0.004758910260760833,-0.011660496623670904,0.010352359656489726
88_6_99998_59504_Discount,-0.0,0.0,-0.0,0.0,-0.0,-0.0,-0.0,0.0,0.0,0.0,-0.0,-0.0,0.0,-0.0,0.0,0.0,0.0,0.0,0.0,0.0,0.0,0.0,0.0,0.0,-0.0,-0.0,-0.0,0.0,0.0,-0.0,0.0,0.0,0.0,-0.0,-0.0,0.0
88_6_99998_59504_Display,0.0,0.0,0.0,0.0,0.0,0.0,0.0,0.0,0.0,0.0,0.0,0.0,0.0,0.0,0.0,0.0,0.0,0.0,0.0,0.0,0.0,0.0,0.0,0.0,0.0,0.0,0.0,0.0,0.0,0.0,0.0,0.0,0.0,0.0,0.0,0.0
88_6_99998_59504_Feature,-0.0,0.0,0.0,-0.0,0.0,-0.0,-0.0,-0.0,-0.0,0.0,-0.0,0.0,-0.0,-0.0,-0.0,-0.0,0.0,0.0,0.0,0.0,-0.0,0.0,-0.0,-0.0,-0.0,0.0,0.0,-0.0,0.0,0.0,0.0,-0.0,0.0,-0.0,0.0,-0.0
88_6_99998_59504_Sales,-0.011064683970209658,-0.0056068984527140155,-0.0,0.010937698222665906,-0.028967026501857288,-0.015140911053275911,-0.01566821095315994,0.018822639684039355,-0.021904986196736035,-0.01773119891806916,-0.04319275977360789,-0.12344318935778363,-0.1584899059751335,-0.104640691920221,-0.04553152724723911,-0.013650057157114552,-0.0,-0.11427273521621012,-0.062068092326760554,0.046550493740452725,0.18493112571925566,0.0,0.029287545185206907,-0.10292675394405308,0.09422405727735589,0.05793682607820882,-0.22229585982392147,0.024973775393932335,-0.06736236170919858,0.027293327511795123,-0.041837313242055744,-0.032008748086556016,0.027357833299745372,0.04891327225903111,0.026710641900152744,0.018320876085761547
88_6_99998_59509_Discount,0.0,-0.0,0.0,0.0,-0.0,0.0,-0.0,0.0,-0.0,-0.0,-0.0,-0.0,-0.0,-0.0,-0.0,0.0,0.0,0.0,0.0,0.0,-0.0,0.0,0.0,-0.0,-0.0,-0.0,-0.0,0.0,-0.0,-0.0,-0.0,0.0,0.0,-0.0,0.0,0.0
88_6_99998_59509_Display,0.0,0.0,0.0,0.0,0.0,0.0,0.0,0.0,0.0,0.0,0.0,0.0,0.0,0.0,0.0,0.0,0.0,0.0,0.0,0.0,0.0,0.0,0.0,0.0,0.0,0.0,0.0,0.0,0.0,0.0,0.0,0.0,0.0,0.0,0.0,0.0
88_6_99998_59509_Feature,0.0,-0.0,0.0,0.0,0.0,-0.0,-0.0,0.0,-0.0,0.0,-0.0,-0.0,-0.0,-0.0,0.0,0.0,0.0,0.0,0.0,0.0,-0.0,0.0,0.0,-0.0,-0.0,-0.0,-0.0,0.0,-0.0,-0.0,0.0,-0.0,0.0,-0.0,-0.0,-0.0
88_6_99998_59509_Sales,-0.005337168809692636,0.013787548872736635,-0.002984156825330118,-0.011906681379095735,0.0,-0.0010050653477999673,-0.0,-8.303548063713801e-05,-0.0011545643407432746,-0.004100745324936368,-0.024780242713907,0.02725478607008453,-0.05281765614624632,0.007511343924834941,0.013469646711241847,-0.039341462216243954,0.13625302314282936,0.0346318267724013,-0.054221857159731386,-0.0,-0.013564381843723253,0.0007706221313197988,0.0,0.014983232105713118,-0.051349647922446416,0.06155601724903957,-0.04162497890425409,-0.013620735323487116,0.007777404378742333,0.021040392763072666,0.03891975926751442,-0.020040563927890498,-0.01101472170770459,0.00579465918175829,-0.010427897094699866,-0.022899471130995736
88_6_99998_59518_Discount,-0.0,0.0,-0.0,-0.0,0.0,-0.0,-0.0,0.0,0.0,-0.0,-0.0,-0.0,-0.0,-0.0,0.0,0.0,0.0,0.0,0.0,0.0,0.0,0.0,0.0,0.0,-0.0,-0.0,-0.0,0.0,0.0,-0.0,0.0,0.0,0.0,-0.0,-0.0,0.0
88_6_99998_59518_Display,0.0,0.0,0.0,0.0,0.0,0.0,0.0,0.0,0.0,0.0,0.0,0.0,0.0,0.0,0.0,0.0,0.0,0.0,0.0,0.0,0.0,0.0,0.0,0.0,0.0,0.0,0.0,0.0,0.0,0.0,0.0,0.0,0.0,0.0,0.0,0.0
88_6_99998_59518_Feature,-0.0,0.0,0.0,-0.0,0.0,-0.0,-0.0,-0.0,-0.0,0.0,-0.0,0.0,-0.0,-0.0,-0.0,0.0,-0.0,0.0,0.0,-0.0,-0.0,0.0,-0.0,0.0,0.0,0.0,0.0,-0.0,0.0,-0.0,-0.0,0.0,0.0,0.0,0.0,0.0
88_6_99998_59518_Sales,-0.014285297789943276,-0.045284002679126266,-0.025217725410815767,0.01613520410654489,0.00775528030810175,0.0,0.12110019358595267,-0.0,-0.021979729777825564,-0.014496543206385368,-0.15327216956602197,-0.1424074377390585,-0.017415693375272465,-0.033408512074445854,-0.006232632793226992,0.2388627514695757,-0.14022441025493282,-1.0572833978445824,0.49141570206177015,-0.022837402061181598,-0.36613653327543877,-0.06521525193228667,0.11293158098575057,0.0,0.22803328177750143,-0.13383976298492287,-0.054560534429454785,0.07871416101552159,0.2819531239307361,-0.06726769771627793,0.05992131108961423,0.13026105007242247,-0.0027329055233490684,0.0,0.023251364696085394,0.059975685629598256
88_6_99998_59519_Discount,-0.0,0.0,0.0,0.0,-0.0,-0.0,-0.0,0.0,0.0,0.0,-0.0,-0.0,0.0,-0.0,0.0,0.0,0.0,0.0,-0.0,0.0,0.0,0.0,0.0,0.0,0.0,-0.0,-0.0,0.0,0.0,-0.0,0.0,0.0,0.0,-0.0,-0.0,0.0
88_6_99998_59519_Display,0.0,0.0,0.0,0.0,0.0,0.0,0.0,0.0,0.0,0.0,0.0,0.0,0.0,0.0,0.0,0.0,0.0,0.0,0.0,0.0,0.0,0.0,0.0,0.0,0.0,0.0,0.0,0.0,0.0,0.0,0.0,0.0,0.0,0.0,0.0,0.0
88_6_99998_59519_Feature,-0.0,0.0,0.0,-0.0,0.0,-0.0,-0.0,-0.0,-0.0,0.0,-0.0,0.0,-0.0,-0.0,-0.0,-0.0,0.0,0.0,0.0,0.0,-0.0,0.0,-0.0,-0.0,0.0,0.0,0.0,-0.0,0.0,0.0,0.0,-0.0,0.0,-0.0,0.0,-0.0
88_6_99998_59519_Sales,-0.0023762586989077993,0.005854463210024475,-0.0,0.00899941228815327,-0.05915778343426282,0.0008818104558670444,0.0319054340334803,0.01822405052534428,0.048645031875485474,0.06888649257490934,0.0,-0.006663099633837028,0.11647248796842173,0.004555540340537394,0.025620642828178004,-0.019532157921432786,0.0031651142320568166,0.2713136832260651,0.08799058422736228,0.017032347672112542,0.04654019374101954,0.017294538534161234,0.14743811050190056,0.09156251134908246,0.0,0.04804036648989185,0.029243921509447973,-0.001291996508824523,0.07415812243114316,0.05894839616963013,-0.14199387657730994,0.007625986389916115,-0.006076110587398111,-0.004023676730730573,0.010243264679977984,-0.004174497111619138
88_6_99998_59520_Discount,0.0,-0.0,0.0,0.0,-0.0,0.0,-0.0,0.0,0.0,-0.0,0.0,0.0,0.0,0.0,-0.0,0.0,0.0,-0.0,-0.0,-0.0,0.0,0.0,-0.0,-0.0,-0.0,0.0,0.0,0.0,-0.0,0.0,-0.0,0.0,-0.0,0.0,0.0,0.0
88_6_99998_59520_Display,0.0,0.0,0.0,0.0,0.0,0.0,0.0,0.0,0.0,0.0,0.0,0.0,0.0,0.0,0.0,0.0,0.0,0.0,0.0,0.0,0.0,0.0,0.0,0.0,0.0,0.0,0.0,0.0,0.0,0.0,0.0,0.0,0.0,0.0,0.0,0.0
88_6_99998_59520_Feature,-0.0,0.0,-0.0,-0.0,-0.0,0.0,-0.0,0.0,-0.0,-0.0,-0.0,-0.0,-0.0,-0.0,0.0,-0.0,0.0,0.0,-1.5585802429126634,-0.0,-0.0,-0.0,-0.0,-0.0,-0.0,0.0,-0.0,0.0,0.0,-0.0,0.0,0.0,-0.0,-0.0,-0.0,0.0
88_6_99998_59520_Sales,0.0,-0.021637417954658168,-0.05019426878708864,0.015157514779185097,0.0070236274727354196,-0.0033597738197311197,-0.00808329743976309,-0.009849790791950292,0.018257752507965356,0.01447891695722656,-0.004460675525307285,0.0026759033131074756,0.008897378265059621,0.01596127879582732,0.024100236431903826,-0.04281954339414512,-0.0025279993135516538,0.047267284227406225,-0.00588376345937684,0.0024367110152644575,0.050804506131658336,-0.06285423121554189,-0.034829173647861804,-0.004474069322082032,-0.0,0.0,0.017037269964654572,-0.020229955887946658,-0.08005324947885344,0.007979208822804016,0.10883754210564027,0.025239990615612343,-0.0005803976150970998,0.007535757607548731,0.03325103427294226,0.011132058664437904
88_6_99998_59525_Discount,0.0,0.0,0.0,-0.0,-0.0,0.0,-0.0,0.0,0.0,-0.0,-0.0,0.0,0.0,-0.0,0.0,0.0,0.0,0.0,-0.0,-0.0,-0.0,0.0,0.0,-0.0,0.0,-0.0,0.0,-0.0,-0.0,0.0,0.0,0.0,-0.0,-0.0,0.0,0.0
88_6_99998_59525_Display,0.0,0.0,0.0,0.0,0.0,0.0,0.0,0.0,0.0,0.0,0.0,0.0,0.0,0.0,0.0,0.0,0.0,0.0,0.0,0.0,0.0,0.0,0.0,0.0,0.0,0.0,0.0,0.0,0.0,0.0,0.0,0.0,0.0,0.0,0.0,0.0
88_6_99998_59525_Feature,-0.0,0.0,0.0,-0.0,-0.0,0.0,-0.0,-0.0,0.0,0.0,0.0,0.0,0.0,-0.0,0.0,-0.0,-0.0,0.0,0.0,-0.0,-0.0,0.0,-0.0,-0.0,0.0,-0.8842603491396327,0.0,0.0,-0.0,-0.0,0.0,0.0,0.0,0.0,0.0,-0.0
88_6_99998_59525_Sales,-0.01801553931264038,0.011367336299529369,0.0054765355184190545,-0.0,-0.010368764927095951,-0.0,-0.0024052810715989394,-0.006206661890529689,0.006143519018912598,-0.0005211545228226899,-0.0363992196467111,0.017292933994961873,-0.03169965661756817,-0.012694483612245665,0.0022806040969914673,-0.015663196044112117,0.023079742761357255,-0.0677314520564227,-0.10035018770629806,-0.004780644081048155,-0.09123919491557549,0.019066647027045275,-0.04856361552060042,0.002413397909174596,-0.001252165096619489,-0.022787758835654273,0.0,-0.006922369388540889,0.04924925249277711,-0.01682813759745753,0.006090439467656405,0.0,8.124376239977182e-05,0.0013853989315249725,-0.0,-0.008791828201931298
88_6_99998_59546_Discount,-0.0,0.0,0.0,0.0,0.0,-0.0,-0.0,0.0,0.0,0.0,-0.0,-0.0,0.0,-0.0,0.0,0.0,0.0,0.0,0.0,0.0,0.0,0.0,0.0,0.0,-0.0,0.0,0.0,0.0,0.0,-0.0,0.0,0.0,0.0,-0.0,-0.0,0.0
88_6_99998_59546_Display,0.0,0.0,0.0,0.0,0.0,0.0,0.0,0.0,0.0,0.0,0.0,0.0,0.0,0.0,0.0,0.0,0.0,0.0,0.0,0.0,0.0,0.0,0.0,0.0,0.0,0.0,0.0,0.0,0.0,0.0,0.0,0.0,0.0,0.0,0.0,0.0
88_6_99998_59546_Feature,-0.0,0.0,0.0,-0.0,0.0,-0.0,-0.0,-0.0,-0.0,0.0,-0.0,0.0,-0.0,-0.0,-0.0,0.0,-0.0,0.0,0.0,-0.0,-0.0,0.0,-0.0,-0.0,0.0,0.0,0.0,0.0,0.0,-0.0,-0.0,0.0,0.0,0.0,0.0,0.0
88_6_99998_59546_Sales,-0.058586535584852564,-0.0,-0.07240839308510108,-0.0465272545141243,-0.04986526501097311,0.011608698983967474,-0.027838450862311622,0.0,0.02076918662026699,-0.04838451466928821,-0.03720696202650987,0.026653050770349938,-0.2492734379333006,0.011037758744025128,0.0,-0.11106962046890882,0.1034009769908765,-0.4332919032279643,-0.19105897296671245,0.010053435050183213,0.0,0.29109592835587056,-0.2383668962183043,0.08979830169847905,-0.0716098082647666,-0.2936797595552565,-0.0015997260882293018,0.0,0.11243031027395399,-0.00798206650622948,-0.37392473029787443,-0.0,-0.0,-0.029218952838752334,0.07695740697694971,0.004328621613488019
88_6_99998_59547_Discount,-0.0,0.0,0.0,0.0,-0.0,-0.0,-0.0,0.0,0.0,0.0,-0.0,-0.0,0.0,-0.0,0.0,0.0,0.0,0.0,0.0,0.0,0.0,0.0,0.0,0.0,-0.0,0.0,-0.0,0.0,0.0,-0.0,0.0,0.0,0.0,-0.0,-0.0,0.0
88_6_99998_59547_Display,0.0,0.0,0.0,0.0,0.0,0.0,0.0,0.0,0.0,0.0,0.0,0.0,0.0,0.0,0.0,0.0,0.0,0.0,0.0,0.0,0.0,0.0,0.0,0.0,0.0,0.0,0.0,0.0,0.0,0.0,0.0,0.0,0.0,0.0,0.0,0.0
88_6_99998_59547_Feature,-0.0,0.0,0.0,-0.0,0.0,-0.0,-0.0,-0.0,-0.0,0.0,-0.0,0.0,-0.0,-0.0,-0.0,-0.0,0.0,0.0,0.0,0.0,-0.0,0.0,-0.0,-0.0,-0.0,0.0,0.0,-0.0,0.0,0.0,0.0,-0.0,0.0,-0.0,0.0,-0.0
88_6_99998_59547_Sales,0.01576960533164085,-0.0005724471679692698,0.013838403005705147,0.0,0.03488217862118775,0.03841183276112071,-0.041694605759130976,0.001823493202446122,0.028546738412340796,-0.015963479682956493,0.1251315954820113,0.1291189178113005,0.2419221987975037,0.12336571337535007,-0.051848771714034084,0.04674796282104981,-0.0497281302370003,0.08389513266370377,0.18918966191976747,-0.09264629099549732,-0.12484500984918123,0.04813344246324785,0.12494199851254913,-0.03026149675188301,0.05188980323479758,0.0896697097829506,-0.21775671120395648,-0.02676528559082055,0.0,-0.017951621273549555,-0.012023020249361619,-0.01740231755935926,0.0,-0.016535629952333524,0.011597379095150455,-0.003799305152911373
88_6_99998_59548_Discount,0.0,-0.0,-0.0,0.0,-0.0,0.0,-0.0,0.0,0.0,-0.0,0.0,0.0,0.0,0.0,-0.0,0.0,0.0,-0.0,-0.0,0.0,0.0,0.0,-0.0,0.0,0.0,0.0,-0.0,0.0,-0.0,0.0,-0.0,0.0,0.0,0.0,0.0,-0.0
88_6_99998_59548_Display,0.0,0.0,0.0,0.0,0.0,0.0,0.0,0.0,0.0,0.0,0.0,0.0,0.0,0.0,0.0,0.0,0.0,0.0,0.0,0.0,0.0,0.0,0.0,0.0,0.0,0.0,0.0,0.0,0.0,0.0,0.0,0.0,0.0,0.0,0.0,0.0
88_6_99998_59548_Feature,-0.0,0.0,-0.0,-0.0,-0.0,0.0,-0.0,0.0,-0.0,-0.0,-0.0,-0.0,-0.0,-0.0,0.0,-0.0,0.0,0.0,-0.0,-0.0,-0.0,-0.0,-0.0,0.0,-0.0,0.0,-0.0,0.0,-0.0,0.0,0.0,0.0,-0.0,-0.0,-0.0,0.0
88_6_99998_59548_Sales,0.0013276565444195207,0.014955891436725797,0.01928047257936615,-0.032616092447770875,-0.024237033346706877,-0.0025169444621711066,-0.01927369960555706,-0.011175205080686045,0.019657482855249805,-0.01553688312209743,0.031147499637075412,-0.0035137925296768544,-0.005265256765704868,0.03808912473513782,-0.009180251972858669,-0.03742112541738997,0.17350965717240385,-0.09426508197327407,-0.03365140452643676,-0.019405907682741523,-0.021626546075891647,0.019691800786776667,-0.08962622977235203,-0.01306191095165779,-0.0868411875773362,0.05129463528028351,0.0053335077208503815,0.0,0.050065641528658965,0.0,-0.2074438400998283,-0.03556687350606048,-0.00031682997773882504,-0.00673774057516877,-0.00991026836641403,-0.026208469211644443
88_6_99998_59549_Discount,-0.0,-0.0,0.0,-0.0,-0.0,0.0,-0.0,0.0,0.0,-0.0,-0.0,-0.0,0.0,-0.0,-0.0,0.0,-0.0,0.0,0.0,0.0,-0.0,-0.0,0.0,-0.0,0.0,-0.0,0.0,0.0,-0.0,-0.0,0.0,0.0,0.0,-0.0,0.0,0.0
88_6_99998_59549_Display,0.0,0.0,0.0,0.0,0.0,0.0,0.0,0.0,0.0,0.0,0.0,0.0,0.0,0.0,0.0,0.0,0.0,0.0,0.0,0.0,0.0,0.0,0.0,0.0,0.0,0.0,0.0,0.0,0.0,0.0,0.0,0.0,0.0,0.0,0.0,0.0
88_6_99998_59549_Feature,0.0,-0.0,0.0,0.0,0.0,0.0,-0.0,-0.0,-0.0,0.0,-0.0,-0.0,-0.0,-0.0,0.0,0.0,0.0,0.0,0.0,0.0,-0.0,0.0,0.0,-0.0,-0.0,-0.0,0.5792316679465546,-0.0,-0.0,-0.0,0.0,-0.0,0.0,-0.0,-0.0,0.0
88_6_99998_59549_Sales,0.0029829946597822853,0.014325662636890498,0.02343822881085147,0.008401710502043545,-0.0012548258027550872,-0.005648003717997222,-0.0,-0.010543340417044451,0.017630090008334588,0.012617993751757239,-0.009465152574007995,0.023832861726245755,0.04237746185456699,0.015555190385122552,-0.003935649659648974,0.03794620639981776,-0.08238376958914954,0.011783000387446556,0.04452647169271683,0.009491850030942672,-0.02849725186148964,0.029207871541096157,0.009314830277067603,-0.009824054287025727,-0.004041647565464038,-0.0455624322311577,0.03593225798893882,0.02271889644832413,0.034115686305797116,-0.030780328518587047,0.0,0.02179666121168268,0.015241086630260721,0.007449342449289348,-0.011060788831867787,-0.0037004175831736176
88_6_99998_59597_Discount,0.0,-0.0,-0.0,-0.0,-0.0,-0.0,0.0,0.0,0.0,-0.0,0.0,-0.0,-0.0,-0.0,0.0,-0.0,0.0,0.0,0.0,-0.0,0.0,-0.0,0.0,0.0,-0.0,-0.0,0.0,-0.0,-0.0,-0.0,-0.0,0.0,-0.0,-0.0,-0.0,0.0
88_6_99998_59597_Display,0.0,0.0,0.0,0.0,0.0,0.0,0.0,0.0,0.0,0.0,0.0,0.0,0.0,0.0,0.0,0.0,0.0,0.0,0.0,0.0,0.0,0.0,0.0,0.0,0.0,0.0,0.0,0.0,0.0,0.0,0.0,0.0,0.0,0.0,0.0,0.0
88_6_99998_59597_Feature,0.0,0.0,-0.0,-0.0,-0.0,-0.0,-0.0,-0.0,-0.0,0.0,-0.0,0.0,-0.0,-0.0,0.0,-0.0,0.0,0.0,-0.0,0.0,-0.0,0.0,-0.0,-0.0,-0.0,0.0,3.0816264657890553,0.0,0.0,-0.0,-0.0,0.0,-0.0,-0.0,0.0,0.0
88_6_99998_59597_Sales,0.015949560654639542,-0.04778588613841867,-0.00731021058099707,-0.061869910338371664,0.022764842890365917,-0.0,-0.04909736383875775,-0.028145990630474904,0.0006821542714475763,0.023574492778186896,0.017501470073869783,-0.002046688054546526,-0.0975468916525833,-0.013137318631799032,-0.08523146672752546,0.07295746327099474,-0.17732065931452207,-0.35334688749300613,-0.0,0.0,-0.30262996315812285,0.046254628682497065,-0.08773519820989835,0.03270831354866641,0.00817231790959901,-0.2454629781581756,-0.2656750103188514,0.017524404133633285,-0.01467505990513392,-0.04513302125670129,-0.09709950360424263,0.0,0.0012194671599601826,0.011729547914989114,0.0112219292543636,0.019717412487804547
88_6_99998_59601_Discount,-0.0,0.0,0.0,-0.0,0.0,0.0,-0.0,0.0,0.0,0.0,-0.0,-0.0,-0.0,-0.0,0.0,0.0,0.0,-0.0,0.0,-0.0,-0.0,0.0,0.0,-0.0,0.0,-0.0,-0.0,0.0,-0.0,-0.0,0.0,-0.0,0.0,-0.0,0.0,-0.0
88_6_99998_59601_Display,0.0,0.0,0.0,0.0,0.0,0.0,0.0,0.0,0.0,0.0,0.0,0.0,0.0,0.0,0.0,0.0,0.0,0.0,0.0,0.0,0.0,0.0,0.0,0.0,0.0,0.0,0.0,0.0,0.0,0.0,0.0,0.0,0.0,0.0,0.0,0.0
88_6_99998_59601_Feature,-0.0,0.0,0.0,0.0,0.0,-0.0,-0.0,0.0,-0.0,0.0,-0.0,-0.0,-0.0,-0.0,0.0,0.0,0.0,0.0,0.0,-0.0,-0.0,0.0,0.0,-0.0,-0.0,0.0,-10.460816112519382,0.0,0.0,-0.0,0.0,-0.0,0.0,-0.0,0.0,-0.0
88_6_99998_59601_Sales,-0.0,-0.0010517043695043716,-0.1621343794891147,-0.000423130095340258,0.0,-0.0,-0.0001505789351527715,-0.0,-0.15888235473463647,-0.30868248183282454,-0.04494701116648722,-0.38384886201750856,-0.22194263739409745,-0.2364492845081883,0.020700189128108136,-0.09877963163899432,-0.4262426402185467,-0.5421448200578122,-0.0,-0.1062158746096748,0.032013292779146316,-0.07818493645349874,-0.30522341111776635,-0.08901362616993631,-0.08334648706102052,0.1920160114134994,-0.7419055750569604,0.023391087670168467,0.08065837735527415,0.057946147502326156,-0.04701326229766505,0.0604884752684925,0.0,0.019525647573490568,0.007037160461001772,0.022588694002779474
88_6_99998_59649_Discount,0.0,-0.0,-0.0,0.0,-0.0,0.0,-0.0,0.0,0.0,-0.0,-0.0,0.0,-0.0,-0.0,-0.0,0.0,-0.0,-0.0,0.0,-0.0,-0.0,0.0,-0.0,0.0,0.0,-0.0,-0.0,0.0,-0.0,0.0,-0.0,0.0,-0.0,0.0,0.0,-0.0
88_6_99998_59649_Display,0.0,0.0,0.0,0.0,0.0,0.0,0.0,0.0,0.0,0.0,0.0,0.0,0.0,0.0,0.0,0.0,0.0,0.0,0.0,0.0,0.0,0.0,0.0,0.0,0.0,0.0,0.0,0.0,0.0,0.0,0.0,0.0,0.0,0.0,0.0,0.0
88_6_99998_59649_Feature,-0.0,0.0,0.0,-0.0,0.0,-0.0,-0.0,-0.0,-0.0,0.0,-0.0,0.0,-0.0,-0.0,-0.0,-0.0,0.0,0.0,0.0,0.0,-0.0,0.0,-0.0,-0.0,-0.0,0.0,0.0,-0.0,0.0,0.0,0.0,-0.0,0.0,0.0,0.0,-0.0
88_6_99998_59649_Sales,0.0,0.0025104724026527333,-0.04360927605491046,0.0,0.31199826468995207,0.0021368560618999005,0.13699305919426347,0.00874187151683556,-0.033683956143809465,-0.06319412986111658,-0.003159750243907378,-0.09826411305170411,0.08913830694098165,0.021756192835246237,-0.0702915483244641,0.16200404461953832,-0.4215553110604252,-0.4001935399568414,-0.09381249502700201,0.036568679632634014,-0.18893035733740363,0.0,0.14788934919227695,0.0,0.22419474970783948,-0.0,-0.6056877427490885,0.05352310851500962,-0.0,-0.2894016195274733,0.047820240354057186,0.05113465516309521,-0.01736680973973908,0.0,0.0,0.12810857759271985
88_6_99998_59651_Discount,0.0,-0.0,-0.0,0.0,-0.0,0.0,-0.0,0.0,-0.0,-0.0,0.0,-0.0,-0.0,-0.0,0.0,0.0,-0.0,-0.0,0.0,-0.0,-0.0,0.0,-0.0,0.0,-0.0,-0.0,-0.0,0.0,-0.0,-0.0,-0.0,0.0,-0.0,0.0,0.0,0.0
88_6_99998_59651_Display,0.0,0.0,0.0,0.0,0.0,0.0,0.0,0.0,0.0,0.0,0.0,0.0,0.0,0.0,0.0,0.0,0.0,0.0,0.0,0.0,0.0,0.0,0.0,0.0,0.0,0.0,0.0,0.0,0.0,0.0,0.0,0.0,0.0,0.0,0.0,0.0
88_6_99998_59651_Feature,-0.0,0.0,0.0,-0.0,0.0,-0.0,-0.0,-0.0,-0.0,0.0,-0.0,0.0,-0.0,-0.0,-0.0,-0.0,0.0,0.0,0.0,0.0,-0.0,0.0,-0.0,-0.0,-0.0,0.0,0.0,-0.0,0.0,0.0,0.0,-0.0,0.0,-0.0,0.0,-0.0
88_6_99998_59651_Sales,-0.05182106653133512,0.07990652622902127,-0.0,-0.0498076724919504,-0.21539549555139123,0.005042518630591184,0.0,0.005948273590176123,-0.17451115385893343,-0.018462620542720864,-0.124120912757349,-0.13077362951233354,0.0576270155034076,-0.25431264866819414,-0.11210016452416859,0.09481961560905153,0.3735848165046123,0.23153616678336922,0.03500175785131923,-0.0053458182568747814,0.3420111916224483,0.0,0.574672121804206,0.0,0.30896027226593054,-0.3577536376275018,0.5761793352697951,0.0,0.1333207824300519,0.20541700659193005,-0.07278026511653143,0.0,-0.004015920391448912,-0.06236767500704975,0.0,0.022753846154945696
88_6_99998_59689_Discount,0.0,-0.0,-0.0,-0.0,-0.0,-0.0,0.0,0.0,0.0,0.0,-0.0,-0.0,-0.0,-0.0,0.0,-0.0,0.0,0.0,0.0,-0.0,0.0,-0.0,0.0,0.0,-0.0,-0.0,0.0,-0.0,-0.0,-0.0,-0.0,0.0,-0.0,-0.0,0.0,0.0
88_6_99998_59689_Display,0.0,0.0,0.0,0.0,0.0,0.0,0.0,0.0,0.0,0.0,0.0,0.0,0.0,0.0,0.0,0.0,0.0,0.0,0.0,0.0,0.0,0.0,0.0,0.0,0.0,0.0,0.0,0.0,0.0,0.0,0.0,0.0,0.0,0.0,0.0,0.0
88_6_99998_59689_Feature,0.0,0.0,-0.0,-0.0,-0.0,-0.0,-0.0,-0.0,-0.0,0.0,-0.0,0.0,-0.0,-0.0,0.0,-0.0,0.0,0.0,-0.0,0.0,-0.0,0.0,-0.0,-0.0,-0.0,0.0,1.879324106794558,0.0,0.0,-0.0,-0.0,0.0,-0.0,-0.0,0.0,0.0
88_6_99998_59689_Sales,-0.0407387062837694,-0.0,-0.0,0.0,-0.06842987786007548,0.0021763448925859238,0.03208837818400095,-0.0451904163213445,-0.03485858413780577,-0.0723426410703689,0.0,-0.11870895483577606,0.03982039096565719,-0.0,0.1398215358488035,0.0018665552575675448,0.37100827051475355,0.2366784991115791,-0.7011677083914071,0.016420580830588657,0.11337772885230164,0.14533880589300138,0.2592879157149347,0.0,-0.06766954990303477,0.6048103053971621,-0.06931556794456548,-0.07956003754379846,0.017208960529694547,-0.08974411774778734,-0.011016433032711844,-0.10865607565091313,0.0,0.011082748606833918,-0.0,0.0
